"","word","freq"
"power","power",457
"you","you",412
"and","and",367
"the","the",364
"are","are",317
"that","that",275
"solar","solar",247
"gas","gas",217
"not","not",201
"energy","energy",182
"angry","angry",177
"our","our",129
"from","from",119
"expensive,","expensive,",118
"paying","paying",118
"first","first",97
"it's","it's",93
"for","for",93
"some","some",84
"hit","hit",78
"plant","plant",77
"need","need",77
"back","back",76
"tâ€¦","tâ€¦",75
"been","been",74
"coal","coal",74
"happy","happy",73
"done","done",72
"job","job",72
"://t.co/vszkimeo4k","://t.co/vszkimeo4k",71
"@am_blujay:","@am_blujay:",71
"client","client",71
"ğŸ™","ğŸ™",71
"day","day",70
"out","out",68
"have","have",67
"producing","producing",66
"uses","uses",66
"100mw","100mw",65
"12,000","12,000",65
"capable","capable",65
"china's","china's",65
"mirrors.","mirrors.",65
"why","why",64
"companies","companies",63
"aâ€¦","aâ€¦",62
"bills","bills",62
"://t.co/aafâ€¦","://t.co/aafâ€¦",61
"@tansuyegen:","@tansuyegen:",61
"nightğŸ‘","nightğŸ‘",61
"reduce","reduce",61
"taxes","taxes",60
"milk","milk",59
"poor,","poor,",59
"with","with",59
"@christinemilne:","@christinemilne:",58
"instead","instead",58
"own","own",58
"&amp;","&amp;",56
"oil","oil",55
"@shehusky:","@shehusky:",55
"wind","wind",55
"had","had",50
"build","build",47
"office","office",45
"car","car",44
"damaged","damaged",44
"added","added",43
"administrative","administrative",43
"buildings","buildings",43
"kindergarten,","kindergarten,",43
"nikopol.","nikopol.",43
"buildings,","buildings,",42
"can","can",42
"this","this",42
"would","would",42
"@kyivindependent:","@kyivindependent:",41
"wasâ€¦","wasâ€¦",41
"has","has",37
"electricity","electricity",36
"into","into",34
"hundreds","hundreds",32
"government","government",31
"@joe69009734:","@joe69009734:",30
"begins,","begins,",30
"bush","bush",30
"cleared","cleared",30
"farm.","farm.",30
"forest","forest",30
"hectares","hectares",30
"nth","nth",30
"qld","qld",30
"rain","rain",30
"societyâ€¦","societyâ€¦",30
"virgin","virgin",30
"your","your",30
"will","will",29
"more","more",28
"poweâ€¦","poweâ€¦",24
"100%","100%",23
"projects","projects",22
"plants","plants",22
"focusing","focusing",21
"how","how",21
"turn","turn",21
"off","off",21
"@mustafa_alali2:","@mustafa_alali2:",20
"attacks","attacks",20
"days,","days,",20
"destroyed","destroyed",20
"refinaries,","refinaries,",20
"syria,","syria,",20
"turkey","turkey",20
"vitat","vitat",20
"enough","enough",20
"thâ€¦","thâ€¦",20
"@peterdclack:","@peterdclack:",20
"@mikehudema:","@mikehudema:",19
"plans","plans",19
"new","new",19
"panels","panels",18
"but","but",18
"power,","power,",18
"cost","cost",18
"people","people",18
"say","say",18
"cap","cap",18
"producers","producers",18
"homes.","homes.",17
"providing","providing",17
"runs","runs",17
"all","all",17
"billion","billion",17
"south","south",17
"#solarpower.","#solarpower.",16
"airport","airport",16
"cochin","cochin",16
"international","international",16
"thousand","thousand",16
"african","african",16
"mini","mini",16
"stations","stations",16
"them","them",16
"nuclear","nuclear",16
"when","when",16
"price","price",16
"cuts","cuts",16
"was","was",16
"get","get",15
"@nickhedley:","@nickhedley:",15
"allowed","allowed",15
"earth","earth",15
"unreliable","unreliable",15
"water","water",15
"world","world",15
"after","after",15
"supplies","supplies",15
"carbon","carbon",15
"electric","electric",15
"(solarâ€¦","(solarâ€¦",14
"100,000","100,000",14
"households","households",14
"r15","r15",14
"theory,","theory,",14
"dismantle","dismantle",14
"ineffectâ€¦","ineffectâ€¦",14
"replace","replace",14
"deal","deal",14
"alternative","alternative",14
"bloc","bloc",14
"idle","idle",14
"manufacturers","manufacturers",14
"output","output",14
"provision","provision",14
"russia","russia",14
"seek","seek",14
"@latimeralder:","@latimeralder:",14
"they","they",13
"imports","imports",13
"their","their",13
"must","must",13
"states","states",13
"like","like",12
"weather","weather",12
"week","week",12
"comes","comes",12
"finalise","finalise",12
"levy","levy",12
"member","member",12
"move","move",12
"proposals","proposals",12
"quickly","quickly",12
"take","take",12
"now","now",11
"just","just",11
"maximum","maximum",11
"top","top",11
"real","real",11
"buy","buy",11
"deâ€¦","deâ€¦",11
"made","made",11
"battery","battery",10
"using","using",10
"days","days",10
"what","what",10
"early","early",10
"flow","flow",10
"source","source",10
"$ethe","$ethe",10
"$ewz","$ewz",10
"$krbn","$krbn",10
"$lit","$lit",10
"$oil","$oil",10
"2021","2021",10
"credits,","credits,",10
"etfs","etfs",10
"flavors,","flavors,",10
"i.e.,","i.e.,",10
"various","various",10
"being","being",10
"sun","sun",10
"should","should",10
"@cheburekiman:","@cheburekiman:",10
"china","china",10
"dollar,","dollar,",10
"military.","military.",10
"states'","states'",10
"striking","striking",10
"thus,","thus,",10
"united","united",10
"also","also",9
"night","night",9
"via","via",9
"last","last",9
"than","than",9
"u.s.","u.s.",9
"due","due",9
"@johnredwood","@johnredwood",9
"help","help",9
"here","here",9
"head","head",9
"pump","pump",9
"submersible","submersible",9
"about","about",9
"western","western",9
"@peterdutton_mp","@peterdutton_mp",9
"make","make",9
"now.","now.",9
"right","right",9
"even","even",9
"use","use",8
"only","only",8
"power.","power.",8
"big","big",8
"full","full",8
"generator","generator",8
"going","going",8
"://t.â€¦","://t.â€¦",8
"@time:","@time:",8
"calculated","calculated",8
"followed","followed",8
"france's","france's",8
"law","law",8
"lots","lots",8
"parking","parking",8
"potential","potential",8
"requiring","requiring",8
"topped","topped",8
"renewable","renewable",8
"demand","demand",8
"uk's","uk's",8
"could","could",8
"down","down",8
"stay","stay",8
"economic","economic",8
"ofâ€¦","ofâ€¦",8
"@bowenchris","@bowenchris",8
"anâ€¦","anâ€¦",8
"entirely","entirely",8
"such","such",8
"russiaâ€™s","russiaâ€™s",8
"oâ€¦","oâ€¦",8
"crisis","crisis",7
"very","very",7
"were","were",7
"24v","24v",7
"any","any",7
"home","home",7
"production","production",7
"its","its",7
"got","got",7
"rises","rises",7
"toâ€¦","toâ€¦",7
"morning","morning",7
"#netzero","#netzero",7
"2050,","2050,",7
"9,900","9,900",7
"elimimate","elimimate",7
"here's","here's",7
"pay","pay",7
"'wind","'wind",7
"futility","futility",7
"low,","low,",7
"morning,","morning,",7
"pathetic","pathetic",7
"power'","power'",7
"-maximum","-maximum",7
"over","over",6
"winter","winter",6
"#solar","#solar",6
"fossil","fossil",6
"@relativityspace:","@relativityspace:",6
"aeon","aeon",6
"happening","happening",6
"lit","lit",6
"night,","night,",6
"stennis","stennis",6
"things","things",6
"too!","too!",6
"small","small",6
"storage","storage",6
"additional","additional",6
"supply","supply",6
"station","station",6
"there","there",6
"1.5mÂ³/hr","1.5mÂ³/hr",6
"evs","evs",6
"private","private",6
"created","created",6
"dismantling","dismantling",6
"modern","modern",6
"oil/coal/gas","oil/coal/gas",6
"society.","society.",6
"suicide,","suicide,",6
"uâ€¦","uâ€¦",6
"great","great",6
"pâ€¦","pâ€¦",6
"day,","day,",6
"don't","don't",6
"albo","albo",6
"making","making",6
"who","who",6
"ireland","ireland",6
"@willisodera8:","@willisodera8:",6
"1ï¸âƒ£homâ€¦","1ï¸âƒ£homâ€¦",5
"@geneversepower:","@geneversepower:",5
"action","action",5
"enter","enter",5
"geneverse","geneverse",5
"giveaway!","giveaway!",5
"holidays","holidays",5
"prepared","prepared",5
"tools","tools",5
"win:","win:",5
"machine","machine",5
"fuels","fuels",5
"renewables","renewables",5
"solarâ€¦","solarâ€¦",5
"yoâ€¦","yoâ€¦",5
"50m","50m",5
"arrival!!","arrival!!",5
"solarpex","solarpex",5
"voltage","voltage",5
"cell","cell",5
"paper-thin","paper-thin",5
"surface","surface",5
"city","city",5
"because","because",5
"@normboy562:","@normboy562:",5
"area","area",5
"couple","couple",5
"hours,","hours,",5
"inform","inform",5
"inglewood","inglewood",5
"outage","outage",5
"look","look",5
"#kilkenny","#kilkenny",5
"#waterford","#waterford",5
"#wexford,","#wexford,",5
"cheekpoint","cheekpoint",5
"frost","frost",5
"hard","hard",5
"island","island",5
"state","state",5
"eâ€¦","eâ€¦",5
"windfarms","windfarms",5
"windy","windy",5
"affordable,","affordable,",5
"better,","better,",5
"concerns.","concerns.",5
"least","least",5
"outages","outages",5
"switch","switch",5
"zuwa","zuwa",5
"powered","powered",5
"everyone","everyone",5
"australia","australia",5
"adoption","adoption",5
"ukraine","ukraine",5
"lâ€¦","lâ€¦",5
"towards","towards",5
"costs","costs",5
"#cloudcomputing","#cloudcomputing",5
"microsoft","microsoft",5
"isâ€¦","isâ€¦",5
"reliable","reliable",5
"@power_2go","@power_2go",4
"câ€¦","câ€¦",4
"minister","minister",4
"structure","structure",4
"@juststop_oil","@juststop_oil",4
"#coimbatore-based","#coimbatore-based",4
"800","800",4
"@thebetterindia:","@thebetterindia:",4
"bottles","bottles",4
"plastic","plastic",4
"recycles","recycles",4
"start-up","start-up",4
"unique","unique",4
"watch","watch",4
"worksâ€¦","worksâ€¦",4
"@albomp","@albomp",4
"did","did",4
"forget","forget",4
"clean","clean",4
"generating","generating",4
"coming","coming",4
"installed","installed",4
"solutions","solutions",4
"sell","sell",4
"produce","produce",4
"cold","cold",4
"connected","connected",4
"provide","provide",4
"@akpatony007:","@akpatony007:",4
"cause","cause",4
"pollution","pollution",4
"vehicles","vehicles",4
"#odesa","#odesa",4
"10am","10am",4
"center","center",4
"hasnâ€™t","hasnâ€™t",4
"restored","restored",4
"since.","since.",4
"went","went",4
"yesterday","yesterday",4
"current","current",4
"one","one",4
"caps","caps",4
"@pastor_wh","@pastor_wh",4
"@ucg4sure:","@ucg4sure:",4
"buhari","buhari",4
"education","education",4
"employment","employment",4
"fdi","fdi",4
"high?","high?",4
"naira","naira",4
"parameters","parameters",4
"rate","rate",4
"stability","stability",4
"where","where",4
"@tidesntales:","@tidesntales:",4
"leftâ€¦","leftâ€¦",4
"well","well",4
"data","data",4
"@lanceforman:","@lanceforman:",4
"windfarm","windfarm",4
"@nelsonchamisa:","@nelsonchamisa:",4
"average","average",4
"his","his",4
"@zuwaenergy:","@zuwaenergy:",4
"reliableâ€¦","reliableâ€¦",4
"while","while",4
"want","want",4
"#energy","#energy",4
"ğŸŒ‡","ğŸŒ‡",4
"ğŸ˜","ğŸ˜",4
"she","she",4
"scared","scared",4
"turbocharging","turbocharging",4
"war","war",4
"wind,","wind,",4
"working","working",4
"used","used",4
"coal,","coal,",4
"years,","years,",4
"really","really",4
"these","these",4
"give","give",4
"live","live",4
"bank","bank",4
"@lilydambrosiomp:","@lilydambrosiomp:",4
"again.","again.",4
"fear-mongering","fear-mongering",4
"gone","gone",4
"remember","remember",4
"result","result",4
"this:","this:",4
"ukrainiaâ€¦","ukrainiaâ€¦",4
"-voltage","-voltage",4
"brush-less","brush-less",4
"global","global",4
"@tveitdal:","@tveitdal:",4
"execution","execution",4
"gas,","gas,",4
"granted","granted",4
"neckarwestheimâ€™s","neckarwestheimâ€™s",4
"weaponisation","weaponisation",4
"#ui","#ui",4
"work","work",3
"@blazespage","@blazespage",3
"national","national",3
"tariffs","tariffs",3
"@ambpeschke:","@ambpeschke:",3
"@jochenflasbarth","@jochenflasbarth",3
"decommissioned","decommissioned",3
"deputy","deputy",3
"komati.","komati.",3
"old","old",3
"shall","shall",3
"turnedâ€¦","turnedâ€¦",3
"ğŸ‡©ğŸ‡ª","ğŸ‡©ğŸ‡ª",3
"ğŸ‡¿ğŸ‡¦","ğŸ‡¿ğŸ‡¦",3
"@owainglyndwr66","@owainglyndwr66",3
"alignment","alignment",3
"bourgeois","bourgeois",3
"central","central",3
"environmental","environmental",3
"means","means",3
"politics","politics",3
"state.","state.",3
"oiâ€¦","oiâ€¦",3
"few","few",3
"which","which",3
"angeles","angeles",3
"los","los",3
"built","built",3
"@nasa:","@nasa:",3
"most","most",3
"loadshedding","loadshedding",3
"upside","upside",3
"@lukegromen:","@lukegromen:",3
"balance","balance",3
"chinese","chinese",3
"cny","cny",3
"cny.","cny.",3
"convert","convert",3
"goods,","goods,",3
"energy.","energy.",3
"house.","house.",3
"blast","blast",3
"claiming","claiming",3
"reality....","reality....",3
"winter?","winter?",3
"run","run",3
"forâ€¦","forâ€¦",3
"low","low",3
"$1,1â€¦","$1,1â€¦",3
"@nickdeiuliis:","@nickdeiuliis:",3
"american","american",3
"assn","assn",3
"emit","emit",3
"heavier","heavier",3
"particulate","particulate",3
"study:","study:",3
"weight.","weight.",3
"@klausstimeder:","@klausstimeder:",3
"interâ€¦","interâ€¦",3
"works,","works,",3
"industrial","industrial",3
"nothing","nothing",3
"emissions","emissions",3
"generation","generation",3
"years","years",3
"@rosebjackson:","@rosebjackson:",3
"assetsâ€¦","assetsâ€¦",3
"australiaâ€™s","australiaâ€™s",3
"making.","making.",3
"mess","mess",3
"privatise","privatise",3
"smart","smart",3
"â€œnone","â€œnone",3
"sure","sure",3
"virtually","virtually",3
"sustainable","sustainable",3
"grid","grid",3
"never","never",3
"@michaelwestbiz:","@michaelwestbiz:",3
"coalâ€¦","coalâ€¦",3
"labor's","labor's",3
"suspicious!","suspicious!",3
"suspicious,","suspicious,",3
"triumphant,","triumphant,",3
"year","year",3
"#twitterfiles","#twitterfiles",3
"@martybent:","@martybent:",3
"collapse","collapse",3
"fallout","fallout",3
"focused","focused",3
"ftx","ftx",3
"president","president",3
"riyadh","riyadh",3
"please","please",3
"batteries","batteries",3
"impose","impose",3
"much","much",3
"ridiculous","ridiculous",3
"ever","ever",3
"existing","existing",3
"including","including",3
"drilling","drilling",3
"@glengilmore:","@glengilmore:",3
"@skynewsâ€¦","@skynewsâ€¦",3
"ğŸŒƒ","ğŸŒƒ",3
"before","before",3
"currently","currently",3
"generated","generated",3
"natural","natural",3
"@greensbradley:","@greensbradley:",3
"freeze","freeze",3
"shouldnâ€™t","shouldnâ€™t",3
"windfallâ€¦","windfallâ€¦",3
"still","still",3
"thatâ€™s","thatâ€™s",3
"@nickhedley","@nickhedley",3
"govt","govt",3
"change","change",3
"climate","climate",3
"investment","investment",3
"too","too",3
"many","many",3
"market","market",3
"://t.co/ay0vw8ryzg","://t.co/ay0vw8ryzg",3
"@upgovt:","@upgovt:",3
"benefit","benefit",3
"pradesh","pradesh",3
"scheme","scheme",3
"uttar","uttar",3
"weavers","weavers",3
"filled","filled",3
"almost","almost",3
"does","does",3
"led","led",3
"says","says",3
"based","based",3
"investors","investors",3
"@kangaroos991","@kangaroos991",3
"close","close",3
"@simonahac","@simonahac",2
"wonderfully","wonderfully",2
"charge","charge",2
"it?","it?",2
"takes","takes",2
"act","act",2
"germany","germany",2
"line","line",2
"fix","fix",2
"solar,","solar,",2
"iâ€™d","iâ€™d",2
"without","without",2
"@philbc3:","@philbc3:",2
"conâ€¦","conâ€¦",2
"gel,","gel,",2
"nivea","nivea",2
"shower","shower",2
"@ticerichard","@ticerichard",2
"sold","sold",2
"direct","direct",2
"money","money",2
"able","able",2
"per","per",2
"commodity","commodity",2
"influence","influence",2
"domestic","domestic",2
"better","better",2
"11%","11%",2
"see","see",2
"astronauts","astronauts",2
"cassada","cassada",2
"frank","frank",2
"josh","josh",2
"roll-out","roll-out",2
"rubio","rubio",2
"yes,","yes,",2
"#france","#france",2
"(maybe)","(maybe)",2
"reactors,","reactors,",2
"rte","rte",2
"running","running",2
"thinks","thinks",2
"wonÂ´t","wonÂ´t",2
"denial,","denial,",2
"energyâ€”if","energyâ€”if",2
"generations","generations",2
"harness","harness",2
"etc,","etc,",2
"generators","generators",2
"under","under",2
"@generatorszim:","@generatorszim:",2
"be.","be.",2
"frown","frown",2
"genkingâ€™s","genkingâ€™s",2
"new,","new,",2
"project","project",2
"@notayesmansecon:","@notayesmansecon:",2
"keeâ€¦","keeâ€¦",2
"today","today",2
"cheap","cheap",2
"&gt;&gt;&gt;&gt;","&gt;&gt;&gt;&gt;",2
"lights","lights",2
"stock","stock",2
"voucher","voucher",2
"://t.co/o03evlazvq","://t.co/o03evlazvq",2
"@hawaiidelilah:","@hawaiidelilah:",2
"@techxplore_com","@techxplore_com",2
"10%","10%",2
"@solidaritycoll1:","@solidaritycoll1:",2
"enterprises,","enterprises,",2
"independent","independent",2
"kryvyi","kryvyi",2
"members","members",2
"mobilized","mobilized",2
"rih","rih",2
"union","union",2
"workers","workers",2
"infrastructure","infrastructure",2
"key","key",2
"hold","hold",2
"reâ€¦","reâ€¦",2
"massive","massive",2
"itâ€™s","itâ€™s",2
"consistentlyâ€¦","consistentlyâ€¦",2
"gold","gold",2
"gold.","gold.",2
"phys","phys",2
"time","time",2
"@mrmatthewtodd","@mrmatthewtodd",2
"isnâ€™t","isnâ€™t",2
"lives","lives",2
"@1981self","@1981self",2
"@koko_matshela","@koko_matshela",2
"large","large",2
"@shaunaksa:","@shaunaksa:",2
"claim","claim",2
"creative","creative",2
"example","example",2
"facts.","facts.",2
"faâ€¦","faâ€¦",2
"leaves","leaves",2
"piece","piece",2
"relationship","relationship",2
"surplus","surplus",2
"wapo","wapo",2
"haâ€¦","haâ€¦",2
"required","required",2
"northern","northern",2
"high","high",2
"ğŸ‡ğŸ“ğŸ…ğŸ¥•ğŸŒ½ğŸ³ğŸ¥šğŸ²ğŸğŸ³ğŸ¥šğŸ¤ğŸ¥•ğŸŒ½ğŸŒğŸ‰ğŸ’ğŸˆğŸ¥‘ğŸ‡ğŸ“ğŸğŸ¥¨","ğŸ‡ğŸ“ğŸ…ğŸ¥•ğŸŒ½ğŸ³ğŸ¥šğŸ²ğŸğŸ³ğŸ¥šğŸ¤ğŸ¥•ğŸŒ½ğŸŒğŸ‰ğŸ’ğŸˆğŸ¥‘ğŸ‡ğŸ“ğŸğŸ¥¨",2
"isn't","isn't",2
"@rguktbasara:","@rguktbasara:",2
"besides","besides",2
"centre","centre",2
"foundation","foundation",2
"inaugurate","inaugurate",2
"ktr","ktr",2
"laying","laying",2
"plant,","plant,",2
"roof-top","roof-top",2
"stone","stone",2
"policy","policy",2
"prices","prices",2
"nice","nice",2
"(fit)","(fit)",2
"14/we","14/we",2
"biomass,","biomass,",2
"feed-in","feed-in",2
"geothermal","geothermal",2
"hydropower,","hydropower,",2
"promote","promote",2
"good","good",2
"capacity","capacity",2
"hydropower","hydropower",2
"bed","bed",2
"heat","heat",2
"asked","asked",2
"@freemanchari:","@freemanchari:",2
"thisâ€¦","thisâ€¦",2
"roof","roof",2
"step","step",2
"him","him",2
"hope","hope",2
"since","since",2
"friend","friend",2
"bill","bill",2
"increase","increase",2
"@quentindempster:","@quentindempster:",2
"dâ€¦","dâ€¦",2
"option","option",2
"proceeds","proceeds",2
"profits","profits",2
"retailers","retailers",2
"simpler","simpler",2
"super","super",2
"tax","tax",2
"â€œa","â€œa",2
"needs","needs",2
"every","every",2
"hydrogen","hydrogen",2
"capital","capital",2
"://t.coâ€¦","://t.coâ€¦",2
"@jricole:","@jricole:",2
"#bitcoin","#bitcoin",2
"long","long",2
"can't","can't",2
"house","house",2
"huh?","huh?",2
"light","light",2
"@railminindia:","@railminindia:",2
"footprintâ€¦","footprintâ€¦",2
"greener","greener",2
"indian","indian",2
"minimising","minimising",2
"mission","mission",2
"mode","mode",2
"progressing","progressing",2
"railways","railways",2
"railways!","railways!",2
"250wâ€¦","250wâ€¦",2
"@hans_hoyan","@hans_hoyan",2
"@richjdavies","@richjdavies",2
"free","free",2
"system","system",2
"safe,","safe,",2
"through","through",2
"wâ€¦","wâ€¦",2
"i'm","i'm",2
"tweet.","tweet.",2
"those","those",2
"ğŸ¥™ğŸ‘ğŸ³ğŸ¥šğŸ¤ğŸ–ğŸ—ğŸŠğŸ‡ğŸ“ğŸ¬ğŸ«ğŸ¿ğŸ©ğŸªğŸ’ğŸˆğŸ¥‘ğŸ³ğŸ¥šğŸ¤ğŸ’ğŸŠğŸ¯ğŸğŸ¥","ğŸ¥™ğŸ‘ğŸ³ğŸ¥šğŸ¤ğŸ–ğŸ—ğŸŠğŸ‡ğŸ“ğŸ¬ğŸ«ğŸ¿ğŸ©ğŸªğŸ’ğŸˆğŸ¥‘ğŸ³ğŸ¥šğŸ¤ğŸ’ğŸŠğŸ¯ğŸğŸ¥",2
"ebay","ebay",2
"inverter","inverter",2
"largest","largest",2
"cycle","cycle",2
"ensures","ensures",2
"powerwall","powerwall",2
"-outlet","-outlet",2
"-poâ€¦","-poâ€¦",2
"1.25","1.25",2
"120m","120m",2
"6.5mÂ³/hr","6.5mÂ³/hr",2
"72v","72v",2
"inches","inches",2
"@lesstenny","@lesstenny",2
"@squizzstk","@squizzstk",2
"2025","2025",2
"alone","alone",2
"russian","russian",2
"amount","amount",2
"goes","goes",2
"@helenzille","@helenzille",2
"fuel","fuel",2
"@senatorromney:","@senatorromney:",2
"alongside","alongside",2
"available","available",2
"ecoâ€¦","ecoâ€¦",2
"non-emitting","non-emitting",2
"other","other",2
"sources","sources",2
"@peterda16347697","@peterda16347697",2
"dumb","dumb",2
"@rephuffman","@rephuffman",2
"@senmarkey","@senmarkey",2
"absolutely","absolutely",2
"destroy","destroy",2
"idea.","idea.",2
"market.","market.",2
"zero","zero",2
"10,000mw","10,000mw",2
"20,000mw","20,000mw",2
"@xpresstn:","@xpresstn:",2
"chairman","chairman",2
"decade,","decade,",2
"manaâ€¦","manaâ€¦",2
"nadu","nadu",2
"tamil","tamil",2
"tangedco","tangedco",2
"@jechalmers","@jechalmers",2
"yâ€™all","yâ€™all",2
"africa","africa",2
"past","past",2
"sâ€¦","sâ€¦",2
"company","company",2
"exchange","exchange",2
"cut","cut",2
"owner","owner",2
"world's","world's",2
"homes","homes",2
"600100,power","600100,power",2
"@tangedco_offcl","@tangedco_offcl",2
"area,","area,",2
"main","main",2
"mill","mill",2
"pallikaranai","pallikaranai",2
"road,","road,",2
"varadharajapuram","varadharajapuram",2
"(wind","(wind",2
"@greoryluckie","@greoryluckie",2
"around","around",2
"solar)","solar)",2
"ğŸŒ","ğŸŒ",2
"maybe","maybe",2
"-power","-power",2
"everything","everything",2
"12-0","12-0",2
"5,000","5,000",2
"@sdonziger:","@sdonziger:",2
"ban","ban",2
"breaking:","breaking:",2
"city.","city.",2
"votes","votes",2
"wells","wells",2
"#bnniran","#bnniran",2
"106","106",2
"@gchahal:","@gchahal:",2
"electricity.","electricity.",2
"electriâ€¦","electriâ€¦",2
"in:","in:",2
"iranian","iranian",2
"kilowatt-hours","kilowatt-hours",2
"million","million",2
"reports.","reports.",2
"centers","centers",2
"generates","generates",2
"://tâ€¦","://tâ€¦",2
"@infcomment:","@infcomment:",2
"wheneveâ€¦","wheneveâ€¦",2
"backfire,","backfire,",2
"kilâ€¦","kilâ€¦",2
"meddling","meddling",2
"plan","plan",2
"warning","warning",2
"@jules1430358743:","@jules1430358743:",1
"during","during",1
"outages.","outages.",1
"save","save",1
"(thinkâ€¦","(thinkâ€¦",1
"://t.co/emzi5s787g","://t.co/emzi5s787g",1
"aye,","aye,",1
"heard","heard",1
"solar?","solar?",1
"sun.","sun.",1
"tried","tried",1
"://t.co/e8woarpxmr","://t.co/e8woarpxmr",1
"@aloksharma_rdg.","@aloksharma_rdg.",1
"bought","bought",1
"mothballed","mothballed",1
"theirs","theirs",1
"vandalism","vandalism",1
"*increase","*increase",1
"*usd","*usd",1
"*â€¦","*â€¦",1
"://t.co/swo2m7rces","://t.co/swo2m7rces",1
"@fridaydrinks_","@fridaydrinks_",1
"zimbabwe's","zimbabwe's",1
"://t.co/vqyf5en4dv","://t.co/vqyf5en4dv",1
"@the_mighty_s","@the_mighty_s",1
"and,","and,",1
"believe","believe",1
"charged","charged",1
"cigarette","cigarette",1
"mains","mains",1
"socket","socket",1
"uniâ€¦","uniâ€¦",1
"://t.co/lykio8o43q","://t.co/lykio8o43q",1
"@markcfc2021","@markcfc2021",1
"agree","agree",1
"clients","clients",1
"iâ€™ll","iâ€™ll",1
"obstâ€¦","obstâ€¦",1
"travel","travel",1
"you!","you!",1
"250ml","250ml",1
"://t.co/ez65edgdjo","://t.co/ez65edgdjo",1
"://t.co/u24clitovk","://t.co/u24clitovk",1
"body","body",1
"fresh","fresh",1
"fruit","fruit",1
"lily","lily",1
"wash,","wash,",1
"://t.co/zwzwcrwsce","://t.co/zwzwcrwsce",1
"french,","french,",1
"john","john",1
"north","north",1
"oil,","oil,",1
"penrose","penrose",1
"riâ€¦","riâ€¦",1
"sea","sea",1
"signed","signed",1
"://t.co/liwsa7ptk6","://t.co/liwsa7ptk6",1
"actual","actual",1
"connectd","connectd",1
"giv","giv",1
"power/gas","power/gas",1
"usage,","usage,",1
"why?","why?",1
"@chloeturner83","@chloeturner83",1
"@ipaddockapps","@ipaddockapps",1
"dryer","dryer",1
"grain","grain",1
"time.","time.",1
"youâ€™d","youâ€™d",1
"panels?","panels?",1
"""on","""on",1
"://t.co/krerjvoqxu","://t.co/krerjvoqxu",1
"@__phiphou__","@__phiphou__",1
"@jonathanlamoni3","@jonathanlamoni3",1
"basis,","basis,",1
"co2","co2",1
"emits","emits",1
"equivalent","equivalent",1
"grams","grams",1
"kwâ€¦","kwâ€¦",1
"life-cycle","life-cycle",1
"@javierblas:","@javierblas:",1
"explains","explains",1
"geâ€¦","geâ€¦",1
"markets","markets",1
"paperback","paperback",1
"sale","sale",1
"week,","week,",1
"work,","work,",1
"://t.co/kcschwbl3d","://t.co/kcschwbl3d",1
"dream","dream",1
"here.","here.",1
"mean","mean",1
"renâ€¦","renâ€¦",1
"rubbish.","rubbish.",1
"100","100",1
"33,000","33,000",1
"@alandaviesbirds","@alandaviesbirds",1
"@astacus:","@astacus:",1
"eveâ€¦","eveâ€¦",1
"initial","initial",1
"million,","million,",1
"put","put",1
"roofs,","roofs,",1
"Â£165","Â£165",1
"://t.co/mvyz6drklp","://t.co/mvyz6drklp",1
"@6300","@6300",1
"@6409","@6409",1
"@rajeshlakhani69","@rajeshlakhani69",1
"consumption","consumption",1
"monsoon","monsoon",1
"reduced","reduced",1
"selfâ€¦","selfâ€¦",1
"#comms","#comms",1
"://t.co/1wvg0zv8dj,","://t.co/1wvg0zv8dj,",1
"doors,","doors,",1
"insulators","insulators",1
"oks","oks",1
"record-cheap","record-cheap",1
"://t.co/xpelyp1bwt","://t.co/xpelyp1bwt",1
"@allislost678","@allislost678",1
"@stevenjohncole","@stevenjohncole",1
"confused.","confused.",1
"froâ€¦","froâ€¦",1
"you're","you're",1
"7&amp;8","7&amp;8",1
"://t.co/cwii1rjejm","://t.co/cwii1rjejm",1
"@israelncube16","@israelncube16",1
"duty","duty",1
"following;","following;",1
"hwange","hwange",1
"ipps","ipps",1
"kariba","kariba",1
"removed","removed",1
"array","array",1
"staâ€¦","staâ€¦",1
"successfully","successfully",1
"ğŸ”§","ğŸ”§",1
"(1100","(1100",1
"6am","6am",1
"@nasa_astronauts","@nasa_astronauts",1
"construct","construct",1
"dec.","dec.",1
"inâ€¦","inâ€¦",1
"pylons.","pylons.",1
"tune","tune",1
"utc)","utc)",1
"ğŸ› ","ğŸ› ",1
"@klimazen:","@klimazen:",1
"activaâ€¦","activaâ€¦",1
"necessary","necessary",1
"@adrinaea:","@adrinaea:",1
"""green","""green",1
"://t.co/ik5ezv4reh","://t.co/ik5ezv4reh",1
"@briangitt","@briangitt",1
"@forest_0f_trees","@forest_0f_trees",1
"effectivâ€¦","effectivâ€¦",1
"funded","funded",1
"heavily","heavily",1
"industry.","industry.",1
"movements""","movements""",1
"://t.co/3feefu39nv","://t.co/3feefu39nv",1
"@joburglawyer","@joburglawyer",1
"@manero96010135","@manero96010135",1
"@maxdupreez","@maxdupreez",1
"bec","bec",1
"doiâ€¦","doiâ€¦",1
"going,","going,",1
"kept","kept",1
"koko","koko",1
"manero,","manero,",1
"@entanglementent","@entanglementent",1
"@globalprotrader","@globalprotrader",1
"@kingkong9888","@kingkong9888",1
"phyâ€¦","phyâ€¦",1
"@nasaspacesci","@nasaspacesci",1
"@space_station","@space_station",1
"boost","boost",1
"experiments","experiments",1
"heâ€¦","heâ€¦",1
"safe","safe",1
"400","400",1
"concentrated","concentrated",1
"giant","giant",1
"might","might",1
"mirrors","mirrors",1
"revolutionize","revolutionize",1
"://t.co/cq8fqotlu5","://t.co/cq8fqotlu5",1
"@countdowndan","@countdowndan",1
"@skynewsaust","@skynewsaust",1
"cpap","cpap",1
"discâ€¦","discâ€¦",1
"ignore","ignore",1
"unable","unable",1
"we'll","we'll",1
"://t.co/l0sjsvcpxa","://t.co/l0sjsvcpxa",1
"ğŸ‡ğŸ“â€¦","ğŸ‡ğŸ“â€¦",1
",if",",if",1
"://t.co/pc8x4wgjdh","://t.co/pc8x4wgjdh",1
"burns","burns",1
"eleâ€¦","eleâ€¦",1
"reliance","reliance",1
"threat","threat",1
"turbines","turbines",1
"://t.co/pfjsj0e2tb","://t.co/pfjsj0e2tb",1
"dependence","dependence",1
"did:","did:",1
"install","install",1
"may","may",1
"suggest","suggest",1
"this,","this,",1
"55%","55%",1
"@johnredwood:","@johnredwood:",1
"important","important",1
"morning.","morning.",1
"yet","yet",1
"@sullycnbc:","@sullycnbc:",1
"becoming","becoming",1
"europes","europes",1
"france,","france,",1
"hydrogen.","hydrogen.",1
"pipeline","pipeline",1
"powerhouse.","powerhouse.",1
"quietly","quietly",1
"spain","spain",1
"then","then",1
"whilâ€¦","whilâ€¦",1
"@markcojuangco:","@markcojuangco:",1
"constant","constant",1
"country,","country,",1
"growing","growing",1
"needed","needed",1
"://t.co/4wtupvmpfl","://t.co/4wtupvmpfl",1
"70%","70%",1
"://t.co/hvsp1lrvxc","://t.co/hvsp1lrvxc",1
"outdoor","outdoor",1
"pcs","pcs",1
"Â£23.99","Â£23.99",1
"Â£7.20","Â£7.20",1
"://t.co/eeynlyhfyz","://t.co/eeynlyhfyz",1
"30mw","30mw",1
"@kmarazanye","@kmarazanye",1
"either","either",1
"harare","harare",1
"://t.co/uiywcwa9ei","://t.co/uiywcwa9ei",1
"(us)","(us)",1
"://t.co/iymsfnfbyw","://t.co/iymsfnfbyw",1
"feel","feel",1
"life","life",1
"seem","seem",1
"10x","10x",1
"110%","110%",1
"muppet,","muppet,",1
"them.","them.",1
"then,","then,",1
"we'd","we'd",1
"@washingtonpost","@washingtonpost",1
"exactly","exactly",1
"india","india",1
"population","population",1
"supposed","supposed",1
"wind?","wind?",1
"://t.co/ejnlzznhzj","://t.co/ejnlzznhzj",1
"@burlingsharon","@burlingsharon",1
"@joe69009734","@joe69009734",1
"follow","follow",1
"money,","money,",1
"renewables...wind","renewables...wind",1
"sucks","sucks",1
"thereâ€¦","thereâ€¦",1
"ğŸğŸ³ğŸ¥šğŸ¥¨ğŸ¥©ğŸ–ğŸ—ğŸğŸ‘ğŸ¥“ğŸ¥™ğŸ‘ğŸ³ğŸ¥šğŸ¤ğŸ–ğŸ—ğŸŠğŸ‡ğŸ“ğŸğŸ‘ğŸ¥“ğŸ¥™ğŸ‘ğŸ³ğŸ¥šğŸ¤ğŸ–ğŸ—ğŸŠ","ğŸğŸ³ğŸ¥šğŸ¥¨ğŸ¥©ğŸ–ğŸ—ğŸğŸ‘ğŸ¥“ğŸ¥™ğŸ‘ğŸ³ğŸ¥šğŸ¤ğŸ–ğŸ—ğŸŠğŸ‡ğŸ“ğŸğŸ‘ğŸ¥“ğŸ¥™ğŸ‘ğŸ³ğŸ¥šğŸ¤ğŸ–ğŸ—ğŸŠ",1
"ğŸ—ğŸŠğŸ‡ğŸ“ğŸ¬ğŸ«ğŸ¿ğŸ©ğŸªğŸ’ğŸˆğŸ¥‘ğŸ³ğŸ¥šğŸ¤ğŸ’ğŸŠğŸ¯ğŸğŸ¥","ğŸ—ğŸŠğŸ‡ğŸ“ğŸ¬ğŸ«ğŸ¿ğŸ©ğŸªğŸ’ğŸˆğŸ¥‘ğŸ³ğŸ¥šğŸ¤ğŸ’ğŸŠğŸ¯ğŸğŸ¥",1
"""eleven","""eleven",1
"@flash_news_ua:","@flash_news_ua:",1
"community.","community.",1
"high-rise","high-rise",1
"houses","houses",1
"hurt","hurt",1
"marhanets","marhanets",1
"nikopol.â€¦","nikopol.â€¦",1
"territorial","territorial",1
"://t.co/ujaf1wzpsx","://t.co/ujaf1wzpsx",1
"necessaryâ€¦","necessaryâ€¦",1
"://t.co/iccqjkyweq","://t.co/iccqjkyweq",1
"@abcaustralia","@abcaustralia",1
"explained","explained",1
"lower","lower",1
"they'll","they'll",1
"whether","whether",1
"://t.co/8i3nes0lzs","://t.co/8i3nes0lzs",1
"ğŸğŸ¥ğŸ¥–ğŸ¥ğŸ¯ğŸğŸ¥ğŸ¥–ğŸğŸğŸŠğŸ¥«ğŸ³ğŸ¥šğŸ‹ğŸŒğŸ‰ğŸ¥¦ğŸğŸğŸ‘ğŸ‡ğŸ“ğŸ…ğŸ¥•","ğŸğŸ¥ğŸ¥–ğŸ¥ğŸ¯ğŸğŸ¥ğŸ¥–ğŸğŸğŸŠğŸ¥«ğŸ³ğŸ¥šğŸ‹ğŸŒğŸ‰ğŸ¥¦ğŸğŸğŸ‘ğŸ‡ğŸ“ğŸ…ğŸ¥•",1
"://t.co/quoqllqkpi","://t.co/quoqllqkpi",1
"@leftywright44","@leftywright44",1
"happens","happens",1
"pumped","pumped",1
"sun,â€¦","sun,â€¦",1
"@ylervwrzb14858:","@ylervwrzb14858:",1
"@energybants","@energybants",1
"@shellenbergermd","@shellenbergermd",1
"given","given",1
"performance","performance",1
"uops","uops",1
"://t.co/td5e0ofxim","://t.co/td5e0ofxim",1
"cultural","cultural",1
"distinctive","distinctive",1
"experienced","experienced",1
"gwynedd","gwynedd",1
"majorâ€¦","majorâ€¦",1
"mon,","mon,",1
"settlements","settlements",1
"shetland,","shetland,",1
"ynys","ynys",1
"://t.co/8gfsvgdsjd","://t.co/8gfsvgdsjd",1
"@ufohp22","@ufohp22",1
"fully","fully",1
"indiaâ€¦","indiaâ€¦",1
"moved","moved",1
"norway,","norway,",1
"places","places",1
"sweden,","sweden,",1
"://t.co/hwsnpopjfw","://t.co/hwsnpopjfw",1
"despite","despite",1
"importing","importing",1
"russia.","russia.",1
"ukraineâ€¦","ukraineâ€¦",1
"volumes","volumes",1
"://t.co/qmf2jwz8wl","://t.co/qmf2jwz8wl",1
"cap-and-trade","cap-and-trade",1
"fuel-burning","fuel-burning",1
"multi-state","multi-state",1
"program","program",1
"reduces","reduces",1
"rggi","rggi",1
"#aoaä½“è‚²","#aoaä½“è‚²",1
"#ä¸–ç•Œæ¯æŠ•æ³¨","#ä¸–ç•Œæ¯æŠ•æ³¨",1
"#çˆ±æ¸¸æˆ","#çˆ±æ¸¸æˆ",1
"://t.co/c8ivoulc71","://t.co/c8ivoulc71",1
"agree.","agree.",1
"loss","loss",1
"series","series",1
"ğŸ‘ŒğŸ’˜ğŸ˜†ğŸ’¯ğŸ˜…","ğŸ‘ŒğŸ’˜ğŸ˜†ğŸ’¯ğŸ˜…",1
"24/7","24/7",1
"@bryanvi57988700:","@bryanvi57988700:",1
"@lofaypeter","@lofaypeter",1
"@presentmurray","@presentmurray",1
"blessed","blessed",1
"country","country",1
"://t.co/z72eaullky","://t.co/z72eaullky",1
"@dalejames77","@dalejames77",1
"hydro","hydro",1
"i've","i've",1
"iceland,â€¦","iceland,â€¦",1
"plus","plus",1
"worked","worked",1
"://t.co/y5srsetgfy","://t.co/y5srsetgfy",1
"boosted","boosted",1
"brought","brought",1
"easterly","easterly",1
"europe.","europe.",1
"pressure","pressure",1
"windless","windless",1
"winds","winds",1
"@jpalipio:","@jpalipio:",1
"@jvejercito","@jvejercito",1
"charges","charges",1
"expoâ€¦","expoâ€¦",1
"otherwise","otherwise",1
"://t.co/o0bf0rqw4m","://t.co/o0bf0rqw4m",1
"@smtikyats44744:","@smtikyats44744:",1
"://t.co/wyp6rujafc","://t.co/wyp6rujafc",1
"@power_medics","@power_medics",1
"aid","aid",1
"media","media",1
"signalling","signalling",1
"social","social",1
"stick","stick",1
"training,","training,",1
"virtue","virtue",1
"2025.","2025.",1
"://t.co/nihzynuw1d","://t.co/nihzynuw1d",1
"@petertownsv1lle","@petertownsv1lle",1
"cheaper","cheaper",1
"labor","labor",1
"lnp","lnp",1
"promised","promised",1
"rely","rely",1
"risen.","risen.",1
"://t.co/jk6ys01knj","://t.co/jk6ys01knj",1
"@siuc","@siuc",1
"atop","atop",1
"carbondale","carbondale",1
"cement","cement",1
"faner","faner",1
"hall","hall",1
"parkingâ€¦","parkingâ€¦",1
"@73outdoors:","@73outdoors:",1
"antenna","antenna",1
"campsite,","campsite,",1
"fog","fog",1
"ic-705,","ic-705,",1
"icom","icom",1
"lifted","lifted",1
"meter","meter",1
"once","once",1
"packet","packet",1
"sotâ€¦","sotâ€¦",1
"5/bagasse,","5/bagasse,",1
"figure","figure",1
"paltry","paltry",1
"sized","sized",1
"systems","systems",1
"@james_bg","@james_bg",1
"@pennywatrasdana:","@pennywatrasdana:",1
"and/or","and/or",1
"caving","caving",1
"doing","doing",1
"extrâ€¦","extrâ€¦",1
"getting","getting",1
"russians","russians",1
"too:","too:",1
"://t.co/gxuea8obyd","://t.co/gxuea8obyd",1
"@javierblas","@javierblas",1
"conversely,","conversely,",1
"crutch","crutch",1
"efficiently","efficiently",1
"lighâ€¦","lighâ€¦",1
"://t.co/npjedce3uj","://t.co/npjedce3uj",1
"://t.co/tqtek39wch","://t.co/tqtek39wch",1
"(ntrs)","(ntrs)",1
"19890004458:","19890004458:",1
"://t.co/pi7inft4n9","://t.co/pi7inft4n9",1
"://t.co/yk1okig4ck","://t.co/yk1okig4ck",1
"base","base",1
"conceptual","conceptual",1
"design","design",1
"lunar","lunar",1
"nasa","nasa",1
"reports","reports",1
"server","server",1
"technical","technical",1
"://t.co/5hfowrvlse","://t.co/5hfowrvlse",1
"@jynm10","@jynm10",1
"@yoursse","@yoursse",1
"already","already",1
"becauâ€¦","becauâ€¦",1
"information","information",1
"it.","it.",1
"sent","sent",1
"ğŸ‘ğŸ‡ğŸ“ğŸ…ğŸ¥•ğŸŒ½ğŸ³ğŸ¥šğŸ²ğŸğŸ³ğŸ¥šğŸ¤ğŸ¥•ğŸŒ½ğŸŒğŸ‰ğŸ’ğŸˆğŸ¥‘ğŸ‡ğŸ“","ğŸ‘ğŸ‡ğŸ“ğŸ…ğŸ¥•ğŸŒ½ğŸ³ğŸ¥šğŸ²ğŸğŸ³ğŸ¥šğŸ¤ğŸ¥•ğŸŒ½ğŸŒğŸ‰ğŸ’ğŸˆğŸ¥‘ğŸ‡ğŸ“",1
"achieve","achieve",1
"country.","country.",1
"easy","easy",1
"roofs","roofs",1
"short,","short,",1
"think","think",1
"unfortunately,","unfortunately,",1
"://t.co/6e0xnnvd7d","://t.co/6e0xnnvd7d",1
"(100sqm)","(100sqm)",1
"871","871",1
"generatâ€¦","generatâ€¦",1
"hours","hours",1
"sunlight","sunlight",1
"year.","year.",1
"zimbabwe","zimbabwe",1
"zimbabwean","zimbabwean",1
"://t.co/qfp75lsoko","://t.co/qfp75lsoko",1
"://t.co/0qoisv04yz","://t.co/0qoisv04yz",1
"@seeker:","@seeker:",1
"car,","car,",1
"closer","closer",1
"engineers","engineers",1
"givingâ€¦","givingâ€¦",1
"harnessing","harnessing",1
"next","next",1
"revolution","revolution",1
"â€”","â€”",1
"ğŸ³ğŸ¥šğŸ¥¨ğŸ¥©ğŸ–ğŸ—ğŸğŸ‘ğŸ¥“ğŸ¥™ğŸ‘ğŸ³ğŸ¥šğŸ¤ğŸ–ğŸ—ğŸŠğŸ‡","ğŸ³ğŸ¥šğŸ¥¨ğŸ¥©ğŸ–ğŸ—ğŸğŸ‘ğŸ¥“ğŸ¥™ğŸ‘ğŸ³ğŸ¥šğŸ¤ğŸ–ğŸ—ğŸŠğŸ‡",1
"://t.co/q1mwdcj5u8","://t.co/q1mwdcj5u8",1
"://t.co/iu6oesjjt9","://t.co/iu6oesjjt9",1
"://t.co/gdmgnsfze5","://t.co/gdmgnsfze5",1
"ğŸğŸ‘â€¦","ğŸğŸ‘â€¦",1
"://t.co/ozdj8ohiwy","://t.co/ozdj8ohiwy",1
"@bahar_did","@bahar_did",1
"@hneumannmep","@hneumannmep",1
"deal.","deal.",1
"him.","him.",1
"nuke","nuke",1
"power.â€¦","power.â€¦",1
"revive","revive",1
"@nickadamsinusa","@nickadamsinusa",1
"@theoneleeword","@theoneleeword",1
"wind...","wind...",1
"://t.co/w2tt3nf7mc","://t.co/w2tt3nf7mc",1
"$2000","$2000",1
"2.0.","2.0.",1
"30%.","30%.",1
"@ahmadfaruqui:","@ahmadfaruqui:",1
"itc","itc",1
"mâ€¦","mâ€¦",1
"nem","nem",1
"paired","paired",1
"rebate","rebate",1
"sgip","sgip",1
"asf","asf",1
"dragged","dragged",1
"mans","mans",1
"tired","tired",1
"walk.","walk.",1
"ğŸ˜­ğŸ˜­","ğŸ˜­ğŸ˜­",1
"($1","($1",1
"@bloombergnrg:","@bloombergnrg:",1
"a$1.5","a$1.5",1
"billion)","billion)",1
"://t.co/mx5dhjsjzh","://t.co/mx5dhjsjzh",1
"enviroâ€¦","enviroâ€¦",1
"://t.co/ycnyxikaa8","://t.co/ycnyxikaa8",1
"@bieglertom","@bieglertom",1
"@cat240359","@cat240359",1
"increasing","increasing",1
"polysilicon","polysilicon",1
"://t.co/k2ninom5wz","://t.co/k2ninom5wz",1
"@7newssydney","@7newssydney",1
"development.","development.",1
"exploration","exploration",1
"governments","governments",1
"gâ€¦","gâ€¦",1
"stopped","stopped",1
"ğŸ¤ğŸ¥•ğŸŒ½ğŸŒğŸ‰ğŸ’ğŸˆğŸ¥‘ğŸ‡ğŸ“ğŸğŸ¥¨ğŸğŸ³ğŸ¥šğŸ¥¨ğŸ¥©ğŸ–ğŸ—ğŸğŸ‘ğŸ¥“ğŸ¥™","ğŸ¤ğŸ¥•ğŸŒ½ğŸŒğŸ‰ğŸ’ğŸˆğŸ¥‘ğŸ‡ğŸ“ğŸğŸ¥¨ğŸğŸ³ğŸ¥šğŸ¥¨ğŸ¥©ğŸ–ğŸ—ğŸğŸ‘ğŸ¥“ğŸ¥™",1
"35-45","35-45",1
"@ed_crooks:","@ed_crooks:",1
"each","each",1
"essential","essential",1
"lower-carbon","lower-carbon",1
"steel","steel",1
"tonsâ€¦","tonsâ€¦",1
"transition","transition",1
"://t.co/fqcbzjculp","://t.co/fqcbzjculp",1
"both","both",1
"driven","driven",1
"fâ€¦","fâ€¦",1
"hans","hans",1
"protection","protection",1
"roller","roller",1
"saving","saving",1
"shades","shades",1
"again","again",1
"nobody","nobody",1
"outside","outside",1
"ransom","ransom",1
"@icf:","@icf:",1
"carrying","carrying",1
"expert","expert",1
"industrial,","industrial,",1
"play","play",1
"role","role",1
"transport,","transport,",1
"://t.co/chmn3rl8wr","://t.co/chmn3rl8wr",1
"@business","@business",1
"boom","boom",1
"earthquake","earthquake",1
"fracking","fracking",1
"known","known",1
"texas","texas",1
"turns","turns",1
"://t.co/ohmrmkcl4h","://t.co/ohmrmkcl4h",1
"@benshapiro","@benshapiro",1
"drug","drug",1
"gram","gram",1
"griner","griner",1
"medical","medical",1
"paint","paint",1
"pen","pen",1
"pot","pot",1
"smuggler","smuggler",1
"vape","vape",1
"://t.co/i9ocewqnge","://t.co/i9ocewqnge",1
"2nd","2nd",1
"3rd","3rd",1
"://t.co/dsrgjbjpi2","://t.co/dsrgjbjpi2",1
"@engineers_feed","@engineers_feed",1
"class","class",1
"class.","class.",1
"engineer.","engineer.",1
"sectorâ€¦","sectorâ€¦",1
"#november","#november",1
"#nuclear","#nuclear",1
"(37.6%),","(37.6%),",1
"33.9%","33.9%",1
"@windfarmwarrior:","@windfarmwarrior:",1
"across","across",1
"demand,","demand,",1
"farms","farms",1
"generatedâ€¦","generatedâ€¦",1
"month","month",1
"second","second",1
"2022,","2022,",1
"5th","5th",1
"://t.co/ob5uk7q8cn","://t.co/ob5uk7q8cn",1
"december","december",1
"equipments","equipments",1
"kano","kano",1
"://t.co/o0qx9ec986","://t.co/o0qx9ec986",1
"@bitcoin:","@bitcoin:",1
"flared","flared",1
"mining.","mining.",1
"wasted","wasted",1
"ğŸ¥šğŸ¥¨ğŸ¥©ğŸ–ğŸ—ğŸğŸ‘ğŸ¥“ğŸ¥™ğŸ‘ğŸ³ğŸ¥šğŸ¤ğŸ–ğŸ—ğŸŠğŸ‡ğŸ“ğŸ¬ğŸ«ğŸ¿ğŸ©ğŸªğŸ’ğŸˆ","ğŸ¥šğŸ¥¨ğŸ¥©ğŸ–ğŸ—ğŸğŸ‘ğŸ¥“ğŸ¥™ğŸ‘ğŸ³ğŸ¥šğŸ¤ğŸ–ğŸ—ğŸŠğŸ‡ğŸ“ğŸ¬ğŸ«ğŸ¿ğŸ©ğŸªğŸ’ğŸˆ",1
"@dorfman_p","@dorfman_p",1
"depends","depends",1
"gas.","gas.",1
"33gw.","33gw.",1
"://t.co/va8qeaueny","://t.co/va8qeaueny",1
"@dewaldj","@dewaldj",1
"dawn","dawn",1
"maintain","maintain",1
"sa.â€¦","sa.â€¦",1
"://t.co/u6mw3kqlz8","://t.co/u6mw3kqlz8",1
"@elonmusk","@elonmusk",1
"@realdonaldtrump","@realdonaldtrump",1
"@tomfitton","@tomfitton",1
"@twitter","@twitter",1
"elon,look","elon,look",1
"manufacturing","manufacturing",1
"phone","phone",1
"rechargedâ€¦","rechargedâ€¦",1
"tesla","tesla",1
"@barobertson111:","@barobertson111:",1
"@energywrapau","@energywrapau",1
"@ianr762","@ianr762",1
"graph","graph",1
"illustration","illustration",1
"plummeted","plummeted",1
"usage","usage",1
"30.8kwhâ€¦","30.8kwhâ€¦",1
"73kwh","73kwh",1
"://t.co/afybyaswxh","://t.co/afybyaswxh",1
"itself","itself",1
"plant.","plant.",1
"ğŸŒğŸ‰ğŸ¥¦ğŸğŸğŸ‘ğŸ‡ğŸ“ğŸ…ğŸ¥•ğŸŒ½ğŸ³ğŸ¥šğŸ²ğŸğŸ³ğŸ¥šğŸ¤ğŸ¥•ğŸŒ½ğŸŒğŸ‰ğŸ’ğŸˆğŸ¥‘","ğŸŒğŸ‰ğŸ¥¦ğŸğŸğŸ‘ğŸ‡ğŸ“ğŸ…ğŸ¥•ğŸŒ½ğŸ³ğŸ¥šğŸ²ğŸğŸ³ğŸ¥šğŸ¤ğŸ¥•ğŸŒ½ğŸŒğŸ‰ğŸ’ğŸˆğŸ¥‘",1
"://t.co/mubmjyuaf4","://t.co/mubmjyuaf4",1
"@avguardsman:","@avguardsman:",1
"@the_unknown1222","@the_unknown1222",1
"armor","armor",1
"auxilia","auxilia",1
"hello","hello",1
"legion","legion",1
"rifle","rifle",1
"vulkite","vulkite",1
"ğŸ¥šğŸ¥¨ğŸ¥©ğŸ–ğŸ—ğŸğŸ‘ğŸ¥“ğŸ¥™ğŸ‘ğŸ³ğŸ¥šğŸ¤ğŸ–ğŸ—ğŸŠğŸ‡ğŸ“ğŸ¬ğŸ«ğŸ¿ğŸ©ğŸªğŸ’","ğŸ¥šğŸ¥¨ğŸ¥©ğŸ–ğŸ—ğŸğŸ‘ğŸ¥“ğŸ¥™ğŸ‘ğŸ³ğŸ¥šğŸ¤ğŸ–ğŸ—ğŸŠğŸ‡ğŸ“ğŸ¬ğŸ«ğŸ¿ğŸ©ğŸªğŸ’",1
"://t.co/ajhuxajz5x","://t.co/ajhuxajz5x",1
"@aukehoekstraâ€¦","@aukehoekstraâ€¦",1
"@biancajagger","@biancajagger",1
"@howarth_cornell","@howarth_cornell",1
"@janrosenow","@janrosenow",1
"@jyn_urso","@jyn_urso",1
"@michaelemann","@michaelemann",1
"@mzjacobson","@mzjacobson",1
"@paulsurovell","@paulsurovell",1
"://t.co/lfwukk66yy","://t.co/lfwukk66yy",1
"@kossamaras","@kossamaras",1
"actusl","actusl",1
"benefit.","benefit.",1
"busineseâ€¦","busineseâ€¦",1
"laws","laws",1
"punish","punish",1
"sooo","sooo",1
"://t.co/j8rtnpn3lh","://t.co/j8rtnpn3lh",1
"@akinremiaolaide","@akinremiaolaide",1
"appreciate","appreciate",1
"dearest","dearest",1
"honourable.","honourable.",1
"throughoâ€¦","throughoâ€¦",1
"://t.co/84inpqcqdh","://t.co/84inpqcqdh",1
"://t.co/tnxeil5yzy","://t.co/tnxeil5yzy",1
"@ahier:","@ahier:",1
"#tonga","#tonga",1
"://t.co/fzxbedglze","://t.co/fzxbedglze",1
"@tongaupdates:","@tongaupdates:",1
"biggest","biggest",1
"newstalk","newstalk",1
"opened","opened",1
"pacific","pacific",1
"region","region",1
"beach","beach",1
"loop","loop",1
"playing","playing",1
"pls","pls",1
"://t.co/7g99ebscmc","://t.co/7g99ebscmc",1
"@geoffre33707336","@geoffre33707336",1
"@lucassa54749430â€¦","@lucassa54749430â€¦",1
"@polyman71","@polyman71",1
"@rjward1775","@rjward1775",1
"@sasstations","@sasstations",1
"@tbdnonymous","@tbdnonymous",1
"@tm_eubanks","@tm_eubanks",1
"@tonchercopain","@tonchercopain",1
"#bgçœŸäºº","#bgçœŸäºº",1
"#ä¸–ç•Œæ¯ä¹°çƒ://t.co/23sebs301t","#ä¸–ç•Œæ¯ä¹°çƒ://t.co/23sebs301t",1
"#å®Œç¾çœŸäºº","#å®Œç¾çœŸäºº",1
"meeting.","meeting.",1
"ğŸ‘ŒğŸ˜„ğŸ¤ğŸ˜…ğŸ’¥","ğŸ‘ŒğŸ˜„ğŸ¤ğŸ˜…ğŸ’¥",1
"://t.co/szpk79otv1","://t.co/szpk79otv1",1
"@davidmcoad1","@davidmcoad1",1
"free.","free.",1
"ongoing","ongoing",1
"upfront","upfront",1
"://t.co/onfzptrlh7","://t.co/onfzptrlh7",1
"@geordinhl","@geordinhl",1
"cape","cape",1
"fyi","fyi",1
"investmeâ€¦","investmeâ€¦",1
"load-shedding","load-shedding",1
"town","town",1
"365","365",1
"@cdenmaswerasei","@cdenmaswerasei",1
"@dudu_nyirongo","@dudu_nyirongo",1
"everything..zimbabwe","everything..zimbabwe",1
"place","place",1
"sun..","sun..",1
"that..solar","that..solar",1
"@cityofct:","@cityofct:",1
"aware","aware",1
"ensure","ensure",1
"journey,","journey,",1
"knowledge","knowledge",1
"legaâ€¦","legaâ€¦",1
"points","points",1
"starting","starting",1
"ğŸ²ğŸğŸ³ğŸ¥šğŸ¤ğŸ¥•ğŸŒ½ğŸŒğŸ‰ğŸ’ğŸˆğŸ¥‘ğŸ‡ğŸ“ğŸğŸ¥¨ğŸğŸ³ğŸ¥šğŸ¥¨ğŸ¥©ğŸ–ğŸ—ğŸ","ğŸ²ğŸğŸ³ğŸ¥šğŸ¤ğŸ¥•ğŸŒ½ğŸŒğŸ‰ğŸ’ğŸˆğŸ¥‘ğŸ‡ğŸ“ğŸğŸ¥¨ğŸğŸ³ğŸ¥šğŸ¥¨ğŸ¥©ğŸ–ğŸ—ğŸ",1
"://t.co/nbz5m5vhdt","://t.co/nbz5m5vhdt",1
"ğŸ–ğŸ—â€¦","ğŸ–ğŸ—â€¦",1
"://t.co/mhjuwirz3y","://t.co/mhjuwirz3y",1
"@kingjayzim","@kingjayzim",1
"@zetdcofficial","@zetdcofficial",1
"@zimbabweanguy01","@zimbabweanguy01",1
"builâ€¦","builâ€¦",1
"noticed","noticed",1
"suggested","suggested",1
"$1.5b","$1.5b",1
"@bowenchrisâ€¦","@bowenchrisâ€¦",1
"@eenuph","@eenuph",1
"@rods108443078:","@rods108443078:",1
"bureaucracy,","bureaucracy,",1
"churn","churn",1
"://t.co/m0l9iw80cd","://t.co/m0l9iw80cd",1
"ahead","ahead",1
"federal","federal",1
"pending","pending",1
"regulations","regulations",1
"unlikely","unlikely",1
"multiple","multiple",1
"number.","number.",1
"times","times",1
"://t.co/2pwjt9vbj6","://t.co/2pwjt9vbj6",1
"@whitehouse","@whitehouse",1
"gaâ€¦","gaâ€¦",1
"great!","great!",1
"ignoring","ignoring",1
"://t.co/smhzq6ebma","://t.co/smhzq6ebma",1
"@eskom_sa","@eskom_sa",1
"batteries.","batteries.",1
"bring","bring",1
"doâ€¦","doâ€¦",1
"komati","komati",1
"shove","shove",1
"://t.co/5rpbfbbcnh","://t.co/5rpbfbbcnh",1
"kyivindependent:","kyivindependent:",1
"officeâ€¦","officeâ€¦",1
"#datacenter","#datacenter",1
"#microsâ€¦","#microsâ€¦",1
"://t.co/ibytyy1vgb","://t.co/ibytyy1vgb",1
"@cloud7news:","@cloud7news:",1
"ğŸ‘‰","ğŸ‘‰",1
"(if","(if",1
"://t.co/4vh5p5zgek","://t.co/4vh5p5zgek",1
"bargaining","bargaining",1
"it...","it...",1
"lot","lot",1
"paid","paid",1
"timid).","timid).",1
"weren't","weren't",1
"://t.co/ketnduzzyo","://t.co/ketnduzzyo",1
"clothing","clothing",1
"heaâ€¦","heaâ€¦",1
"living","living",1
"love","love",1
"sit","sit",1
"understand","understand",1
"://t.co/wtencovmch","://t.co/wtencovmch",1
"@joeobyrne9","@joeobyrne9",1
"drive","drive",1
"energy.â€¦","energy.â€¦",1
"reality","reality",1
"@kasihustlers_sa:","@kasihustlers_sa:",1
"camp,","camp,",1
"community","community",1
"contaâ€¦","contaâ€¦",1
"squatter","squatter",1
"supply,","supply,",1
"there's","there's",1
"yourself","yourself",1
"://t.co/2liuyaphsu","://t.co/2liuyaphsu",1
"campaign","campaign",1
"canâ€¦","canâ€¦",1
"wait","wait",1
"://t.co/xupiyspi83","://t.co/xupiyspi83",1
"institute","institute",1
"massachusetts","massachusetts",1
"mit","mit",1
"news","news",1
"technologyâ€¦","technologyâ€¦",1
"110v","110v",1
"3000w","3000w",1
"://t.co/njrbkczje7","://t.co/njrbkczje7",1
"://t.co/yr5po3xbfo","://t.co/yr5po3xbfo",1
"off-grid","off-grid",1
"powmr","powmr",1
"pure","pure",1
"sine","sine",1
"wave","wave",1
"geopolitical","geopolitical",1
"strategic","strategic",1
"unmatched","unmatched",1
"world.","world.",1
"://t.co/hsnq753f8w","://t.co/hsnq753f8w",1
"@daisymay4263","@daisymay4263",1
"@janehuber66","@janehuber66",1
"@kryptojohn3","@kryptojohn3",1
"@tntradiolive","@tntradiolive",1
"aquarium","aquarium",1
"canâ€™t","canâ€™t",1
"downâ€¦","downâ€¦",1
"reef","reef",1
"same.","same.",1
"(ngl)","(ngl)",1
"300","300",1
"@guyanapetro:","@guyanapetro:",1
"combined","combined",1
"demeraâ€¦","demeraâ€¦",1
"liquids","liquids",1
"wales,","wales,",1
"west","west",1
"://t.co/xin8eh4m8b","://t.co/xin8eh4m8b",1
"carâ€¦","carâ€¦",1
"600","600",1
"@a_basumallick:","@a_basumallick:",1
"alkaline","alkaline",1
"commissioned","commissioned",1
"cummins","cummins",1
"electrolyzers","electrolyzers",1
"hydrogâ€¦","hydrogâ€¦",1
"operate","operate",1
"pem","pem",1
"technologies.","technologies.",1
"worldwide","worldwide",1
"ğŸ‘ğŸ¥“ğŸ¥™ğŸ‘ğŸ³ğŸ¥šğŸ¤ğŸ–ğŸ—ğŸŠğŸ‡ğŸ“ğŸ¬ğŸ«ğŸ¿ğŸ©ğŸªğŸ’ğŸˆğŸ¥‘ğŸ³","ğŸ‘ğŸ¥“ğŸ¥™ğŸ‘ğŸ³ğŸ¥šğŸ¤ğŸ–ğŸ—ğŸŠğŸ‡ğŸ“ğŸ¬ğŸ«ğŸ¿ğŸ©ğŸªğŸ’ğŸˆğŸ¥‘ğŸ³",1
"@elonmusk:","@elonmusk:",1
"loses","loses",1
"#memgraph","#memgraph",1
"://t.co/5y4wgijjy2","://t.co/5y4wgijjy2",1
"analyze","analyze",1
"go-to","go-to",1
"grids","grids",1
"highly","highly",1
"meaningfulâ€¦","meaningfulâ€¦",1
"pipelines","pipelines",1
"solution","solution",1
"ğŸ’¡","ğŸ’¡",1
"ğŸ¥™ğŸ‘ğŸ³ğŸ¥šğŸ¤ğŸ–ğŸ—ğŸŠğŸ‡ğŸ“ğŸ¬ğŸ«ğŸ¿ğŸ©ğŸªğŸ’ğŸˆğŸ¥‘ğŸ³ğŸ¥šğŸ¤ğŸ’ğŸŠğŸ¯ğŸğŸ¥ğŸ¥–ğŸ¥ğŸ¯ğŸğŸ¥","ğŸ¥™ğŸ‘ğŸ³ğŸ¥šğŸ¤ğŸ–ğŸ—ğŸŠğŸ‡ğŸ“ğŸ¬ğŸ«ğŸ¿ğŸ©ğŸªğŸ’ğŸˆğŸ¥‘ğŸ³ğŸ¥šğŸ¤ğŸ’ğŸŠğŸ¯ğŸğŸ¥ğŸ¥–ğŸ¥ğŸ¯ğŸğŸ¥",1
"://t.co/cj6nmeuxbw","://t.co/cj6nmeuxbw",1
"benzol","benzol",1
"capacitors,","capacitors,",1
"electricâ€¦","electricâ€¦",1
"oil-immersed","oil-immersed",1
"suitable","suitable",1
"switchgear,","switchgear,",1
"transformer","transformer",1
"types","types",1
"22%","22%",1
"://t.co/pxxppgeb8s","://t.co/pxxppgeb8s",1
"@teslasolar:","@teslasolar:",1
"deliver","deliver",1
"offset","offset",1
"resulting","resulting",1
"tiles","tiles",1
"@spwells","@spwells",1
"burn","burn",1
"exclusively","exclusively",1
"lately.","lately.",1
"@alexepstein:","@alexepstein:",1
"america","america",1
"plants...","plants...",1
"reliability","reliability",1
"root","root",1
"shutting","shutting",1
"simple:","simple:",1
"â€œthe","â€œthe",1
"://t.co/ca8mgg21hc","://t.co/ca8mgg21hc",1
"bills!","bills!",1
"choose","choose",1
"connect","connect",1
"details","details",1
"eco","eco",1
"usâ€¦","usâ€¦",1
"://t.co/2juoucshwo","://t.co/2juoucshwo",1
"@devinnunesdog","@devinnunesdog",1
"communist","communist",1
"crt","crt",1
"methods","methods",1
"woke","woke",1
"@kayakuser1:","@kayakuser1:",1
"likely","likely",1
"moving","moving",1
"recoup","recoup",1
"single","single",1
"solar.","solar.",1
"yeaâ€¦","yeaâ€¦",1
"19th","19th",1
"://t.co/kbddguheus","://t.co/kbddguheus",1
"century?","century?",1
"ffs!","ffs!",1
"generate","generate",1
"overnighâ€¦","overnighâ€¦",1
"stored","stored",1
"sufficient","sufficient",1
"2027,","2027,",1
"@iea:","@iea:",1
"overtake","overtake",1
"track","track",1
"""the","""the",1
"269th","269th",1
"@ekaterinanwo:","@ekaterinanwo:",1
"crash","crash",1
"destroying","destroying",1
"grids,","grids,",1
"heads,","heads,",1
"linesâ€¦","linesâ€¦",1
"missiles","missiles",1
"tearing","tearing",1
"violent","violent",1
"warfare""","warfare""",1
"://t.co/aij6igbubp","://t.co/aij6igbubp",1
"@markatlangstone","@markatlangstone",1
"gas/electric","gas/electric",1
"knows","knows",1
"pipe/wire","pipe/wire",1
"â€˜greenâ€™â€¦","â€˜greenâ€™â€¦",1
"70's","70's",1
"@aussierock:","@aussierock:",1
"collectingâ€¦","collectingâ€¦",1
"property","property",1
"road","road",1
"way","way",1
"""green""","""green""",1
"...and","...and",1
"://t.co/q88z8gq3ay","://t.co/q88z8gq3ay",1
"@energy_charts","@energy_charts",1
"words","words",1
"~130","~130",1
"@procomsolutions:","@procomsolutions:",1
"concern.","concern.",1
"major","major",1
"rising","rising",1
"://t.co/3zjdebdfzo","://t.co/3zjdebdfzo",1
"blame","blame",1
"da.","da.",1
"developing","developing",1
"fossil,","fossil,",1
"nucleâ€¦","nucleâ€¦",1
"://t.co/rzxpyttnmb","://t.co/rzxpyttnmb",1
"@jeremyjudkins_","@jeremyjudkins_",1
"@tesla:","@tesla:",1
"lose","lose",1
"ğŸ¥","ğŸ¥",1
"27101990","27101990",1
"://t.co/1zq3m409ws","://t.co/1zq3m409ws",1
"energy-generating","energy-generating",1
"heatiâ€¦","heatiâ€¦",1
"industry","industry",1
"oils","oils",1
"units.","units.",1
"://t.co/u0tzrqmsis","://t.co/u0tzrqmsis",1
"changâ€¦","changâ€¦",1
"economy,","economy,",1
"fuels.","fuels.",1
"remains","remains",1
"won't","won't",1
"$29","$29",1
"answer.","answer.",1
"europeans","europeans",1
"independence?","independence?",1
"saved","saved",1
"soluâ€¦","soluâ€¦",1
"summer.","summer.",1
"://t.co/xqyytoec2g","://t.co/xqyytoec2g",1
"@rainmaker1973","@rainmaker1973",1
"@teufelhundusmc1","@teufelhundusmc1",1
"burning","burning",1
"matter","matter",1
"otheâ€¦","otheâ€¦",1
"://t.co/atsvcbfym1","://t.co/atsvcbfym1",1
"regener8","regener8",1
"weekend!â€¦","weekend!â€¦",1
"you.â€","you.â€",1
"â€œeither","â€œeither",1
"://t.co/nbi4uwv8g7","://t.co/nbi4uwv8g7",1
"ğŸ¥šğŸ¥¨â€¦","ğŸ¥šğŸ¥¨â€¦",1
"@kaakoda_moore:","@kaakoda_moore:",1
"://t.co/49hncnyfb7","://t.co/49hncnyfb7",1
"@forbes","@forbes",1
"charging","charging",1
"corporations","corporations",1
"costly?","costly?",1
"families","families",1
"multinational","multinational",1
"@floating_steaks:","@floating_steaks:",1
"electricity,","electricity,",1
"evs.","evs.",1
"greenhouseâ€¦","greenhouseâ€¦",1
"lead","lead",1
"plain","plain",1
"(hydâ€¦","(hydâ€¦",1
"@modalplex:","@modalplex:",1
"bitcoin","bitcoin",1
"find","find",1
"honest","honest",1
"proportion","proportion",1
"unrealizable","unrealizable",1
"youâ€™re","youâ€™re",1
"1912","1912",1
"1960.","1960.",1
"haven'tâ€¦","haven'tâ€¦",1
"lack","lack",1
"upgrade","upgrade",1
"ğŸ“ğŸ¬ğŸ«ğŸ¿ğŸ©ğŸªğŸ’ğŸˆğŸ¥‘ğŸ³ğŸ¥šğŸ¤ğŸ’ğŸŠğŸ¯ğŸğŸ¥ğŸ¥–ğŸ¥ğŸ¯ğŸğŸ¥ğŸ¥–ğŸğŸ","ğŸ“ğŸ¬ğŸ«ğŸ¿ğŸ©ğŸªğŸ’ğŸˆğŸ¥‘ğŸ³ğŸ¥šğŸ¤ğŸ’ğŸŠğŸ¯ğŸğŸ¥ğŸ¥–ğŸ¥ğŸ¯ğŸğŸ¥ğŸ¥–ğŸğŸ",1
"#uninterruptiblepowersupply","#uninterruptiblepowersupply",1
"7,2kva","7,2kva",1
"://t.co/d7bmqf3ywo","://t.co/d7bmqf3ywo",1
"aim","aim",1
"bargain","bargain",1
"syâ€¦","syâ€¦",1
"time,","time,",1
"weekâ€™s","weekâ€™s",1
"ğŸ¬ğŸ«ğŸ¿ğŸ©ğŸªğŸ’ğŸˆğŸ¥‘ğŸ³ğŸ¥šğŸ¤ğŸ’ğŸŠğŸ¯ğŸğŸ¥ğŸ¥–ğŸ¥ğŸ¯ğŸğŸ¥","ğŸ¬ğŸ«ğŸ¿ğŸ©ğŸªğŸ’ğŸˆğŸ¥‘ğŸ³ğŸ¥šğŸ¤ğŸ’ğŸŠğŸ¯ğŸğŸ¥ğŸ¥–ğŸ¥ğŸ¯ğŸğŸ¥",1
"#sahel","#sahel",1
"://t.co/mycqpk8ufi","://t.co/mycqpk8ufi",1
"conflict","conflict",1
"forcing","forcing",1
"suâ€¦","suâ€¦",1
"teams","teams",1
"#powerbank","#powerbank",1
"03335672228","03335672228",1
"20000","20000",1
"2200","2200",1
"://t.co/b2gggtro3c","://t.co/b2gggtro3c",1
"delivery","delivery",1
"mah","mah",1
"pkr","pkr",1
"@mjf9991:","@mjf9991:",1
"://t.co/mi8f9j7oj6","://t.co/mi8f9j7oj6",1
"@renoomokri","@renoomokri",1
"continued","continued",1
"impoverishment","impoverishment",1
"mumu","mumu",1
"political","political",1
"solve","solve",1
"spillage","spillage",1
"talk,","talk,",1
"://t.co/p70knbhhwj","://t.co/p70knbhhwj",1
"cheapâ€¦","cheapâ€¦",1
"europe","europe",1
"invest","invest",1
"us,","us,",1
"$299","$299",1
"@hauwaallahbura:","@hauwaallahbura:",1
"abâ€¦","abâ€¦",1
"card","card",1
"complain","complain",1
"cooking","cooking",1
"deducted","deducted",1
"honestly","honestly",1
"nigerian","nigerian",1
"now!!!","now!!!",1
"40%","40%",1
"@good:","@good:",1
"deployment","deployment",1
"five","five",1
"glâ€¦","glâ€¦",1
"invasion","invasion",1
"sped","sped",1
"third.","third.",1
"within","within",1
"#saturday","#saturday",1
"://t.co/i1gchqre2o","://t.co/i1gchqre2o",1
"feeling","feeling",1
"in.","in.",1
"lie","lie",1
"realise","realise",1
"roll","roll",1
"wake","wake",1
"ğŸ’•","ğŸ’•",1
"@troybrennan22:","@troybrennan22:",1
"electorate","electorate",1
"hey","hey",1
"meâ€¦","meâ€¦",1
"share","share",1
"100m","100m",1
"://t.co/wj8fdhygmt","://t.co/wj8fdhygmt",1
"://t.co/xsfbssfmj2","://t.co/xsfbssfmj2",1
"casio","casio",1
"chronograph","chronograph",1
"edifice","edifice",1
"efs-s580db-1avuef","efs-s580db-1avuef",1
"fiber","fiber",1
"://t.co/s68qerv2ls","://t.co/s68qerv2ls",1
"@hawleymo","@hawleymo",1
"care","care",1
"donâ€™t","donâ€™t",1
"folks.","folks.",1
"jobs,","jobs,",1
"performative","performative",1
"politiâ€¦","politiâ€¦",1
"theatre","theatre",1
"://t.co/wbf9mbw9h6","://t.co/wbf9mbw9h6",1
"@claytonmorris","@claytonmorris",1
"@jasonsh98931569","@jasonsh98931569",1
"active","active",1
"activity","activity",1
"far","far",1
"noaa","noaa",1
"preâ€¦","preâ€¦",1
"suns","suns",1
"ğŸ¥–ğŸğŸğŸŠğŸ¥«ğŸ³ğŸ¥šğŸ‹ğŸŒğŸ‰ğŸ¥¦ğŸğŸğŸ‘ğŸ‡ğŸ“ğŸ…ğŸ¥•ğŸŒ½ğŸ³ğŸ¥šğŸ²ğŸğŸ³ğŸ¥šğŸ¤","ğŸ¥–ğŸğŸğŸŠğŸ¥«ğŸ³ğŸ¥šğŸ‹ğŸŒğŸ‰ğŸ¥¦ğŸğŸğŸ‘ğŸ‡ğŸ“ğŸ…ğŸ¥•ğŸŒ½ğŸ³ğŸ¥šğŸ²ğŸğŸ³ğŸ¥šğŸ¤",1
"""funding","""funding",1
"""Â can","""Â can",1
"2023","2023",1
"://t.co/8f2t4qqqgw","://t.co/8f2t4qqqgw",1
"accesâ€¦","accesâ€¦",1
"conference","conference",1
"discuss","discuss",1
"enable","enable",1
"growth","growth",1
"join","join",1
"sseg","sseg",1
"14%","14%",1
"://t.co/italsi4i9l","://t.co/italsi4i9l",1
"electrical","electrical",1
"minutesâ€™","minutesâ€™",1
"sixty","sixty",1
"ğŸ”‹","ğŸ”‹",1
"10kw","10kw",1
"://t.co/hnwb2sjlxx","://t.co/hnwb2sjlxx",1
"adding","adding",1
"ago","ago",1
"dear","dear",1
"example?","example?",1
"months","months",1
"pauline,","pauline,",1
"&amp;engineering","&amp;engineering",1
"22/we","22/we",1
"continuously","continuously",1
"development","development",1
"implement","implement",1
"launâ€¦","launâ€¦",1
"scientific","scientific",1
"studies","studies",1
"@nunsense12:","@nunsense12:",1
"finland","finland",1
"norway","norway",1
"""in","""in",1
"2021,","2021,",1
"://t.co/9x7y9jexkx","://t.co/9x7y9jexkx",1
"@henrycorbett_uk","@henrycorbett_uk",1
"lcoe","lcoe",1
"loâ€¦","loâ€¦",1
"utility-scale","utility-scale",1
"weighted","weighted",1
"ğŸ¥¨ğŸ¥©ğŸ–ğŸ—ğŸğŸ‘ğŸ¥“ğŸ¥™ğŸ‘ğŸ³ğŸ¥šğŸ¤ğŸ–ğŸ—ğŸŠğŸ‡ğŸ“ğŸ¬ğŸ«ğŸ¿ğŸ©ğŸªğŸ’ğŸˆğŸ¥‘","ğŸ¥¨ğŸ¥©ğŸ–ğŸ—ğŸğŸ‘ğŸ¥“ğŸ¥™ğŸ‘ğŸ³ğŸ¥šğŸ¤ğŸ–ğŸ—ğŸŠğŸ‡ğŸ“ğŸ¬ğŸ«ğŸ¿ğŸ©ğŸªğŸ’ğŸˆğŸ¥‘",1
"""south","""south",1
"#crypto""","#crypto""",1
"@samconnerone:","@samconnerone:",1
"cells,","cells,",1
"consâ€¦","consâ€¦",1
"invites","invites",1
"pays","pays",1
"20000mah","20000mah",1
"://t.co/umkxbndax8","://t.co/umkxbndax8",1
"campingâ€¦","campingâ€¦",1
"double","double",1
"panel,","panel,",1
"ports","ports",1
"usb","usb",1
"waterproof","waterproof",1
"away","away",1
"over.","over.",1
"until","until",1
"vat","vat",1
"-10â€¦","-10â€¦",1
"://t.co/080h6uy1ew","://t.co/080h6uy1ew",1
"@chris_hill321","@chris_hill321",1
"@imcdavid","@imcdavid",1
"heating","heating",1
"hot","hot",1
"sorry","sorry",1
"topping","topping",1
"@bitcoinmagazine:","@bitcoinmagazine:",1
"dividends","dividends",1
"future","future",1
"new:","new:",1
"ğŸ™Œ","ğŸ™Œ",1
"12.32","12.32",1
"2019,","2019,",1
"://t.co/wzuyzzfisv","://t.co/wzuyzzfisv",1
"@ahmedka1","@ahmedka1",1
"adani's","adani's",1
"end","end",1
"portfolio","portfolio",1
"poâ€¦","poâ€¦",1
"prominent","prominent",1
"://t.co/pz8xfrljzb","://t.co/pz8xfrljzb",1
"@captaincoby00","@captaincoby00",1
"danielle","danielle",1
"didnâ€™t","didnâ€™t",1
"ottawa?","ottawa?",1
"said","said",1
"smith","smith",1
"wanted","wanted",1
"where,","where,",1
"50%","50%",1
"://t.co/3uzuvh35fr","://t.co/3uzuvh35fr",1
"butterfly","butterfly",1
"leds","leds",1
"Â£16.99","Â£16.99",1
"Â£8.49","Â£8.49",1
"://t.co/ngox7rjeg7","://t.co/ngox7rjeg7",1
"@mikempofu0770","@mikempofu0770",1
"converted","converted",1
"excess","excess",1
"grid.rooftop","grid.rooftop",1
"miâ€¦","miâ€¦",1
"://t.co/yyp0muumev","://t.co/yyp0muumev",1
"@arjankoole","@arjankoole",1
"biden's","biden's",1
"driving","driving",1
"foreign","foreign",1
"panels,","panels,",1
"raised","raised",1
"recent","recent",1
"subâ€¦","subâ€¦",1
"@iwish___icould:","@iwish___icould:",1
"sinâ€¦","sinâ€¦",1
"75â€¦","75â€¦",1
"@mrenyoc:","@mrenyoc:",1
"://t.co/notuif680h","://t.co/notuif680h",1
"://t.co/ynofvdx5dp","://t.co/ynofvdx5dp",1
"://t.co/soirwtyedo","://t.co/soirwtyedo",1
"hâ€¦","hâ€¦",1
"://t.co/seqz578hwt","://t.co/seqz578hwt",1
"closed","closed",1
"coal/gas","coal/gas",1
"john,","john,",1
"luck","luck",1
"planning","planning",1
"://t.co/zfbrceq0s9","://t.co/zfbrceq0s9",1
"@anavrittim","@anavrittim",1
"@caustickonar","@caustickonar",1
"etc.,","etc.,",1
"pmo","pmo",1
"pushing","pushing",1
"reason","reason",1
"vehicles,","vehicles,",1
"âš¡ï¸","âš¡ï¸",1
"://t.co/bdxpr6fxih","://t.co/bdxpr6fxih",1
"://t.co/u14wxaydri","://t.co/u14wxaydri",1
"-ksh.140â€¦","-ksh.140â€¦",1
"216v","216v",1
"2200w","2200w",1
"230m","230m",1
"5.0mÂ³/hr","5.0mÂ³/hr",1
"@darcyamaroo:","@darcyamaroo:",1
"goâ€¦","goâ€¦",1
"keeping","keeping",1
"legislation","legislation",1
"parliament","parliament",1
"pass","pass",1
"prices.","prices.",1
"recall","recall",1
"word","word",1
"eskom","eskom",1
"://t.co/3vpei2cmgu","://t.co/3vpei2cmgu",1
"@fife_benjamin","@fife_benjamin",1
"house,","house,",1
"items,","items,",1
"strong","strong",1
"-ksh.35000","-ksh.35000",1
"-â€¦","-â€¦",1
"210w","210w",1
"80m","80m",1
"://t.co/kqgutjjalf","://t.co/kqgutjjalf",1
"windfaâ€¦","windfaâ€¦",1
"://t.co/c95cchuyq8.","://t.co/c95cchuyq8.",1
"@benpennings","@benpennings",1
"ben,","ben,",1
"case","case",1
"missed","missed",1
"news,","news,",1
"@fortunechasi","@fortunechasi",1
"@wamagaisa:","@wamagaisa:",1
"concerning","concerning",1
"letter","letter",1
"opportunity","opportunity",1
"read","read",1
"recommendations","recommendations",1
"theâ€¦","theâ€¦",1
"zesa","zesa",1
"://t.co/al4nf3qydv","://t.co/al4nf3qydv",1
"@am_blujay","@am_blujay",1
"completely","completely",1
"grid.","grid.",1
"oven.","oven.",1
"://t.co/cz32wps7dz","://t.co/cz32wps7dz",1
"@weownthecompany","@weownthecompany",1
"assuming","assuming",1
"combination","combination",1
"gives","gives",1
"paybacâ€¦","paybacâ€¦",1
"total","total",1
"~$24k","~$24k",1
"://t.co/dlizm9x6d5","://t.co/dlizm9x6d5",1
"://t.co/qyjrv6aqps","://t.co/qyjrv6aqps",1
"://t.co/4tbrmr6nfr","://t.co/4tbrmr6nfr",1
"@amelia_halls","@amelia_halls",1
"@cambiothesystem","@cambiothesystem",1
"@extinctionr","@extinctionr",1
"@rebelsanimal","@rebelsanimal",1
"@skycorpinc","@skycorpinc",1
"@xrebellionuk","@xrebellionuk",1
"windâ€¦","windâ€¦",1
"://t.co/bjm6mipxkw","://t.co/bjm6mipxkw",1
"concentrate","concentrate",1
"dangerous.","dangerous.",1
"fracking.","fracking.",1
"fussion","fussion",1
"start","start",1
"technology","technology",1
"whilst","whilst",1
"://t.co/4usqlr2hei","://t.co/4usqlr2hei",1
"://t.co/ebw8lmmpx7","://t.co/ebw8lmmpx7",1
"7,000","7,000",1
"assistance.","assistance.",1
"fewer","fewer",1
"heating.","heating.",1
"humanitarian","humanitarian",1
"mostly","mostly",1
"remain","remain",1
"residents","residents",1
"subsist","subsist",1
"water,","water,",1
"45gw","45gw",1
"70bln","70bln",1
"@jaihindkb:","@jaihindkb:",1
"ai,","ai,",1
"cloud","cloud",1
"eff","eff",1
"green","green",1
"thr","thr",1
"@greenpeaceuk","@greenpeaceuk",1
"freezing!","freezing!",1
"platform","platform",1
"somewhere.","somewhere.",1
"tell","tell",1
"://t.co/8xmqhhqjsr","://t.co/8xmqhhqjsr",1
"@jim_jordan","@jim_jordan",1
"@sen_joemanchin","@sen_joemanchin",1
"ask","ask",1
"caâ€¦","caâ€¦",1
"consider","consider",1
"independent.","independent.",1
"joe","joe",1
"send","send",1
"://t.co/ukslnovn9u","://t.co/ukslnovn9u",1
"@georgetrefgarne","@georgetrefgarne",1
"evâ€¦","evâ€¦",1
"her","her",1
"sister","sister",1
"@citylab:","@citylab:",1
"directâ€¦","directâ€¦",1
"lightyear","lightyear",1
"mobility","mobility",1
"series-production","series-production",1
"started","started",1
"startup","startup",1
"vehicle","vehicle",1
"://t.co/df9ycd47vt","://t.co/df9ycd47vt",1
"outâ€¦","outâ€¦",1
"://t.co/c6rfuzfh2s","://t.co/c6rfuzfh2s",1
"@chriskuliukas","@chriskuliukas",1
"@woopdedoo652","@woopdedoo652",1
"afford","afford",1
"cost.","cost.",1
"frontâ€¦","frontâ€¦",1
"30.","30.",1
"face.","face.",1
"grandkids","grandkids",1
"hatable","hatable",1
"ran","ran",1
"unbelievable!","unbelievable!",1
"@eduardhabsburg","@eduardhabsburg",1
"power?","power?",1
"tree","tree",1
"utilise","utilise",1
"://t.co/vhbzihxwog","://t.co/vhbzihxwog",1
"ğŸŒƒâ€¦","ğŸŒƒâ€¦",1
"://t.co/wubev8zeoy","://t.co/wubev8zeoy",1
"works,â€¦","works,â€¦",1
"#eusolaralliance","#eusolaralliance",1
"@eu_commission","@eu_commission",1
"@solarpowereu:","@solarpowereu:",1
"climate.","climate.",1
"crucial","crucial",1
"europe's","europe's",1
"launched","launched",1
"promâ€¦","promâ€¦",1
"security","security",1
"today,","today,",1
"10,000","10,000",1
"://t.co/dvprmwdzvb","://t.co/dvprmwdzvb",1
"fields","fields",1
"football","football",1
"huge","huge",1
"requires","requires",1
"size","size",1
"something","something",1
"://t.co/vmdnjpbww1","://t.co/vmdnjpbww1",1
"@tweepweirdo","@tweepweirdo",1
"another","another",1
"awesome","awesome",1
"gasifier","gasifier",1
"mostâ€¦","mostâ€¦",1
"sure.","sure.",1
"that's","that's",1
"thing","thing",1
"tool.","tool.",1
"wood","wood",1
"://t.co/boe3gybvxd","://t.co/boe3gybvxd",1
"://t.co/uabsdfk8wx","://t.co/uabsdfk8wx",1
"@175gw_indiarenw:","@175gw_indiarenw:",1
"@etenergyâ€¦","@etenergyâ€¦",1
"konkan","konkan",1
"lakh","lakh",1
"railway","railway",1
"rooftop","rooftop",1
"saves","saves",1
"two","two",1
"@tontolet","@tontolet",1
"amadi","amadi",1
"bag","bag",1
"christmas","christmas",1
"depor","depor",1
"family","family",1
"harcourt","harcourt",1
"others","others",1
"port","port",1
"rice","rice",1
"trans","trans",1
"@nuclearpast","@nuclearpast",1
"always","always",1
"figured","figured",1
"true,","true,",1
"://t.co/nfqakekjhr","://t.co/nfqakekjhr",1
"://t.co/mzbqcaf9po","://t.co/mzbqcaf9po",1
"moreâ€¦","moreâ€¦",1
"#copowerbudget","#copowerbudget",1
"://t.co/opy1paljqu","://t.co/opy1paljqu",1
"@foeaustralia's","@foeaustralia's",1
"campaign.","campaign.",1
"congrâ€¦","congrâ€¦",1
"funds","funds",1
"part","part",1
"transferred","transferred",1
"we've","we've",1
"://t.co/6hyue7xp4x","://t.co/6hyue7xp4x",1
"polâ€¦","polâ€¦",1
"://t.co/xgpk4vos7w","://t.co/xgpk4vos7w",1
"block","block",1
"brics","brics",1
"bâ€¦","bâ€¦",1
"countries","countries",1
"east","east",1
"expanding","expanding",1
"fast","fast",1
"interest","interest",1
"leaning","leaning",1
"mutual","mutual",1
"showing","showing",1
"://t.co/bmsis5xz9v","://t.co/bmsis5xz9v",1
"://t.co/xe2zav7jko","://t.co/xe2zav7jko",1
