,0
0,croatian team unfair advantage consumption arabesque gold plate steak give energy boost brazil not compete brazilian team overconfident not croatian team seriously
1,cryptopylon proud announce new token bear casolcoin community token aim change energy consumption presale come soon saveearth website
2,btcpriceup proud announce new token bear casolcoin community token aim change energy consumption presale come soon saveearth website
3,justcanadian robcairns louisgeorgevonb jasonhickel x ^ = interesting primary energy consumption ~ hour solar radiation hit earth atmosphere coal oil natural gas ~ consumption
4,bnbtracker proud announce new token bear casolcoin community token aim change energy consumption presale come soon saveearth website
5,yuugiriawano proud announce new token bear casolcoin community token aim change energy consumption presale come soon saveearth website
6,coinok proud announce new token bear casolcoin community token aim change energy consumption presale come soon saveearth website
7,nowadays blockchain undergo significant upgrade example cut energy consumption consume energy future blockchain functionality low cost mainstream application
8,incorporate functional fitness regime increase quality life join coachmitushi fitindiaactivesunday saturday enhance movement efficiency increase muscle coordination develop postural strength control reduce energy consumption
9,rt hubermanlab caffeine give jitter mg theanine alongside actually approach energy drink
10,new bill demand bitcoin miner declare energy consumption
11,new bill demand bitcoin miner declare energy consumption
12,justcanadian robcairns louisgeorgevonb jasonhickel primary energy consumption twhr x ^ whr sec hr x ^ j primary consumption year
13,rt timmodise ministers eskom board member free generator home loadshedde stage unreal wonder
14,ankara expand gas pipeline long time domestic consumption aim energy hub transfer gas country energy turkey russia gas
15,rt hubermanlab caffeine give jitter mg theanine alongside actually approach energy drink
16,johnstossel action ask drive electric car climate activist work greener energy generation consumption reduce fly invest mass public transportation reduce meat consumption happen isolation
17,rt hubermanlab caffeine give jitter mg theanine alongside actually approach energy drink
18,stmiteva energy consumption loss precious time life think achieve
19,rt altcoindailyio people fud bitcoin energy consumption
20,rt arduino monitor energy consumption arduino iot cloud mkr wifi mkr shield modbus compatible
21,rt digieconomist late research show ethereum merge reduce network energy consumption time fo
22,total global energy consumption increase decade total global population increase period total global carbon emission energy use increase decade
23,prometheus bind s fly car s energy consumption fall henry adams curve exponential growth diminish return eco consciousness failure nerve world today s world tomorrow
24,new bill demand bitcoin miner declare energy consumption
25,rt hubermanlab caffeine give jitter mg theanine alongside actually approach energy drink
26,renewableenergy energy energyproduction america china electricity windenergy solarenergy hydroenergy renewables renewablepower russia germany africa india canada brazil europe asia oceania southamerica latam japan turkey norway
27,ai energy consumption compare crypto nft
28,rt garquake indias fuel consumption proxy oil demand rise year year november million tonne datum
29,skdh johnwfarrell energy avoid consumption break hyperbolic state dissipate field dark energy probably visible light spectrum shit ton black hole honest
30,skdh johnwfarrell good explanation gravity dark energy universe evolve conserve angular momentum look know universe high certainty avoid consumption
31,process bitcoin mining secure demand enormous computing power energy consumption user essentially burn money solve computational puzzle earn bitcoin pinetwork pipayment
32,theory rotate windturbine number resource depletion wrld require twh consumption synchronousturbine create use resourcedepletion country ultimately planet require total energy output
33,rt axios international energy agency project noticeable peak overall fossil fuel consumption decade na
34,rt remoteworkio remote work ultimate environmental policy reduce car traffic reduce business travel crowded publi
35,rt columbiauenergy india rank rd globally carbon emission having emit billion metric ton co country
36,elonmusk need slow economic activity lower energy consumption meet biden wef global energy debacle
37,rt digieconomist late research show ethereum merge reduce network energy consumption time fo
38,rt erewhonever fb friend apparently volunteer social credit shock troop police home heating choice energy con
39,stefaniebe leave light month hell energy consumption want feeling house key friend ask turn light go arrive long trip wait home
40,rt hubermanlab caffeine give jitter mg theanine alongside actually approach energy drink
41,rt ahq president pakistan dr arif alvi urge need bring attitudinal shift rapid consumption conservi
42,rt hubermanlab caffeine give jitter mg theanine alongside actually approach energy drink
43,rt hubermanlab caffeine give jitter mg theanine alongside actually approach energy drink
44,rt hubermanlab caffeine give jitter mg theanine alongside actually approach energy drink
45,rt hubermanlab caffeine give jitter mg theanine alongside actually approach energy drink
46,rt hubermanlab caffeine give jitter mg theanine alongside actually approach energy drink
47,rt hubermanlab caffeine give jitter mg theanine alongside actually approach energy drink
48,rt hubermanlab caffeine give jitter mg theanine alongside actually approach energy drink
49,fwcscocpisogln alexbrogan save here compile thread ai generate summary important technology trend apply artificial intelligence advance connectivity bioengineere clean energy mobility sustainable consumption web
50,angantyrfs interesting productivity continue rise decline energy consumption
51,rt hubermanlab caffeine give jitter mg theanine alongside actually approach energy drink
52,celebrate collapse coma induce sleep depravation extreme sugar crash excessive consumption energy drink critical stable condition > w >
53,rt hubermanlab caffeine give jitter mg theanine alongside actually approach energy drink
54,rt tdavidbank population rise change resource energy consumption provide solution climate b
55,rt hubermanlab caffeine give jitter mg theanine alongside actually approach energy drink
56,rt judgeyourself weather currently freeze advert tell reduce energy consumption reduce pri
57,rt altcoindailyio people fud bitcoin energy consumption
58,rt hubermanlab caffeine give jitter mg theanine alongside actually approach energy drink
59,rt ecowarriorss bbc desire end traditional terrestrial tv replace internet streaming video fuel carbon emissio
60,rt violinall hour view tv terrestrial network energy consumption wh stream wh
61,rt yanqinyq analysis china energy demand outlook researcher state grid estimate energy consumption +
62,rt ericssonapac explore work jointly singtel deploy singapore energy efficient radio cell
63,rt coveringclimate antonioguterre large tech company make climate crisis bad massive energy consumption
64,rt crccnews triptogreen sino german eco city exhibition hall zero energy consumption building tianjin rely o
65,rephuffman senmarkey crypto growth bring psychotic actor look predate vulnerable consumption problem modern age bitcoin transform way use energy incentivising save time educate
66,celebjet elonmusk interesting know energy consumption controversial tweet use twitter isp server
67,people fud bitcoin excess energy consumption lifecentric
68,rt violinall hour view tv terrestrial network energy consumption wh stream wh
69,rt digieconomist late research show ethereum merge reduce network energy consumption time fo
70,rt digieconomist late research show ethereum merge reduce network energy consumption time fo
71,usd + million dollar spend power consumption daily bitcoin network go look coin think bad spend energy consider turn heater winter disconnect security monitor etc etc
72,rt digieconomist late research show ethereum merge reduce network energy consumption time fo
73,rt hubermanlab caffeine give jitter mg theanine alongside actually approach energy drink
74,rt hubermanlab caffeine give jitter mg theanine alongside actually approach energy drink
75,hydrocarbon hemp process wide range biomass energy source fuel pellet liquid fuel gas development bio fuel significantly reduce consumption fossil fuel nuclear power legalise hemp marijuana hempsibangi
76,rt derbysyme nytime kill demand quick switch fossil fuel alternative aspect life transportation
77,hour view tv terrestrial network energy consumption wh stream wh
78,workadventurephaser
79,sawyermerritt go cost address seasonal fluctuation solar wind analysis base attached plot real datum caiso tell solar wind capacity kwh household year energy consumption socal need > powerwall < cur > m
80,rt apprenticexrp procoinnew btc < cur > meme high energy consumption token useless piece old tech
81,btc prop tether bust w energy consumption ban energy extensive crypto proof work d like know record layah hold < cur > xrp consider state ripple lose sec btc lose spot
82,layahheilpern btc prop tether bust energy consumption ban energy extensive crypto proof work d like know record hold < cur > xrp consider state ripple lose sec
83,rt hubermanlab caffeine give jitter mg theanine alongside actually approach energy drink
84,rt ecowarriorss uk bad open new coal plant bbc plan internet streaming tv tv viewing relatively low sou
85,rt hubermanlab caffeine give jitter mg theanine alongside actually approach energy drink
86,u s energy consumption fuel ac write task
87,tesla build energy product offering cover energy production solar product energy storage powerwall energy consumption electric vehicle perfect customer company product
88,rt thetradingengin rotor sail technology provide auxiliary propulsion ship renewable energy wind
89,gwingredient hello professional enterprise commit field heat exchange evaporation system energy saving environmental protection year believe equipment help reduce energy consumption improve production capacity + kitty
90,energy consumption good thing proof work
91,rt hubermanlab caffeine give jitter mg theanine alongside actually approach energy drink
92,hubermanlab mitenyo correlate relationship rise caffeine consumption coffee culture energy drink rise anxiety year factor
93,elonmusk senatorsinema goat stamina energy drink goat stamina innovative multi ingredient food supplement design gamer huge advantage goat stamina duration action hour consumption product contain sugar
94,actbrigitte goat stamina energy drink goat stamina innovative multi ingredient food supplement design gamer huge advantage goat stamina duration action hour consumption product contain sugar
95,hodgetwin anieborden goat stamina energy drink goat stamina innovative multi ingredient food supplement design gamer huge advantage goat stamina duration action hour consumption product contain sugar
96,rudygiuliani goat stamina energy drink goat stamina innovative multi ingredient food supplement design gamer huge advantage goat stamina duration action hour consumption product contain sugar
97,brixfarm hello professional enterprise commit field heat exchange evaporation system energy saving environmental protection year believe equipment help reduce energy consumption improve production capacity + kitty
98,potus goat stamina energy drink goat stamina innovative multi ingredient food supplement design gamer huge advantage goat stamina duration action hour consumption product contain sugar
99,rt cryptjed ioen ethereum erc utility token transact energy value microgrid applian
100,rt hubermanlab caffeine give jitter mg theanine alongside actually approach energy drink
101,croatian team unfair advantage consumption arabesque gold plate steak give energy boost brazil not compete brazilian team overconfident not croatian team seriously
102,cryptopylon proud announce new token bear casolcoin community token aim change energy consumption presale come soon saveearth website
103,btcpriceup proud announce new token bear casolcoin community token aim change energy consumption presale come soon saveearth website
104,justcanadian robcairns louisgeorgevonb jasonhickel x ^ = interesting primary energy consumption ~ hour solar radiation hit earth atmosphere coal oil natural gas ~ consumption
105,bnbtracker proud announce new token bear casolcoin community token aim change energy consumption presale come soon saveearth website
106,yuugiriawano proud announce new token bear casolcoin community token aim change energy consumption presale come soon saveearth website
107,coinok proud announce new token bear casolcoin community token aim change energy consumption presale come soon saveearth website
108,nowadays blockchain undergo significant upgrade example cut energy consumption consume energy future blockchain functionality low cost mainstream application
109,incorporate functional fitness regime increase quality life join coachmitushi fitindiaactivesunday saturday enhance movement efficiency increase muscle coordination develop postural strength control reduce energy consumption
110,rt hubermanlab caffeine give jitter mg theanine alongside actually approach energy drink
111,new bill demand bitcoin miner declare energy consumption
112,new bill demand bitcoin miner declare energy consumption
113,justcanadian robcairns louisgeorgevonb jasonhickel primary energy consumption twhr x ^ whr sec hr x ^ j primary consumption year
114,rt timmodise ministers eskom board member free generator home loadshedde stage unreal wonder
115,ankara expand gas pipeline long time domestic consumption aim energy hub transfer gas country energy turkey russia gas
116,rt hubermanlab caffeine give jitter mg theanine alongside actually approach energy drink
117,johnstossel action ask drive electric car climate activist work greener energy generation consumption reduce fly invest mass public transportation reduce meat consumption happen isolation
118,rt hubermanlab caffeine give jitter mg theanine alongside actually approach energy drink
119,stmiteva energy consumption loss precious time life think achieve
120,rt altcoindailyio people fud bitcoin energy consumption
121,rt arduino monitor energy consumption arduino iot cloud mkr wifi mkr shield modbus compatible
122,rt digieconomist late research show ethereum merge reduce network energy consumption time fo
123,total global energy consumption increase decade total global population increase period total global carbon emission energy use increase decade
124,prometheus bind s fly car s energy consumption fall henry adams curve exponential growth diminish return eco consciousness failure nerve world today s world tomorrow
125,new bill demand bitcoin miner declare energy consumption
126,rt hubermanlab caffeine give jitter mg theanine alongside actually approach energy drink
127,renewableenergy energy energyproduction america china electricity windenergy solarenergy hydroenergy renewables renewablepower russia germany africa india canada brazil europe asia oceania southamerica latam japan turkey norway
128,ai energy consumption compare crypto nft
129,rt garquake indias fuel consumption proxy oil demand rise year year november million tonne datum
130,skdh johnwfarrell energy avoid consumption break hyperbolic state dissipate field dark energy probably visible light spectrum shit ton black hole honest
131,skdh johnwfarrell good explanation gravity dark energy universe evolve conserve angular momentum look know universe high certainty avoid consumption
132,process bitcoin mining secure demand enormous computing power energy consumption user essentially burn money solve computational puzzle earn bitcoin pinetwork pipayment
133,theory rotate windturbine number resource depletion wrld require twh consumption synchronousturbine create use resourcedepletion country ultimately planet require total energy output
134,rt axios international energy agency project noticeable peak overall fossil fuel consumption decade na
135,rt remoteworkio remote work ultimate environmental policy reduce car traffic reduce business travel crowded publi
136,rt columbiauenergy india rank rd globally carbon emission having emit billion metric ton co country
137,elonmusk need slow economic activity lower energy consumption meet biden wef global energy debacle
138,rt digieconomist late research show ethereum merge reduce network energy consumption time fo
139,rt erewhonever fb friend apparently volunteer social credit shock troop police home heating choice energy con
140,stefaniebe leave light month hell energy consumption want feeling house key friend ask turn light go arrive long trip wait home
141,rt hubermanlab caffeine give jitter mg theanine alongside actually approach energy drink
142,rt ahq president pakistan dr arif alvi urge need bring attitudinal shift rapid consumption conservi
143,rt hubermanlab caffeine give jitter mg theanine alongside actually approach energy drink
144,rt hubermanlab caffeine give jitter mg theanine alongside actually approach energy drink
145,rt hubermanlab caffeine give jitter mg theanine alongside actually approach energy drink
146,rt hubermanlab caffeine give jitter mg theanine alongside actually approach energy drink
147,rt hubermanlab caffeine give jitter mg theanine alongside actually approach energy drink
148,rt hubermanlab caffeine give jitter mg theanine alongside actually approach energy drink
149,rt hubermanlab caffeine give jitter mg theanine alongside actually approach energy drink
150,fwcscocpisogln alexbrogan save here compile thread ai generate summary important technology trend apply artificial intelligence advance connectivity bioengineere clean energy mobility sustainable consumption web
151,angantyrfs interesting productivity continue rise decline energy consumption
152,rt hubermanlab caffeine give jitter mg theanine alongside actually approach energy drink
153,celebrate collapse coma induce sleep depravation extreme sugar crash excessive consumption energy drink critical stable condition > w >
154,rt hubermanlab caffeine give jitter mg theanine alongside actually approach energy drink
155,rt tdavidbank population rise change resource energy consumption provide solution climate b
156,rt hubermanlab caffeine give jitter mg theanine alongside actually approach energy drink
157,rt judgeyourself weather currently freeze advert tell reduce energy consumption reduce pri
158,rt altcoindailyio people fud bitcoin energy consumption
159,rt hubermanlab caffeine give jitter mg theanine alongside actually approach energy drink
160,rt ecowarriorss bbc desire end traditional terrestrial tv replace internet streaming video fuel carbon emissio
161,rt violinall hour view tv terrestrial network energy consumption wh stream wh
162,rt yanqinyq analysis china energy demand outlook researcher state grid estimate energy consumption +
163,rt ericssonapac explore work jointly singtel deploy singapore energy efficient radio cell
164,rt coveringclimate antonioguterre large tech company make climate crisis bad massive energy consumption
165,rt crccnews triptogreen sino german eco city exhibition hall zero energy consumption building tianjin rely o
166,rephuffman senmarkey crypto growth bring psychotic actor look predate vulnerable consumption problem modern age bitcoin transform way use energy incentivising save time educate
167,celebjet elonmusk interesting know energy consumption controversial tweet use twitter isp server
168,people fud bitcoin excess energy consumption lifecentric
169,rt violinall hour view tv terrestrial network energy consumption wh stream wh
170,rt digieconomist late research show ethereum merge reduce network energy consumption time fo
171,rt digieconomist late research show ethereum merge reduce network energy consumption time fo
172,usd + million dollar spend power consumption daily bitcoin network go look coin think bad spend energy consider turn heater winter disconnect security monitor etc etc
173,rt digieconomist late research show ethereum merge reduce network energy consumption time fo
174,rt hubermanlab caffeine give jitter mg theanine alongside actually approach energy drink
175,rt hubermanlab caffeine give jitter mg theanine alongside actually approach energy drink
176,hydrocarbon hemp process wide range biomass energy source fuel pellet liquid fuel gas development bio fuel significantly reduce consumption fossil fuel nuclear power legalise hemp marijuana hempsibangi
177,rt derbysyme nytime kill demand quick switch fossil fuel alternative aspect life transportation
178,hour view tv terrestrial network energy consumption wh stream wh
179,workadventurephaser
180,sawyermerritt go cost address seasonal fluctuation solar wind analysis base attached plot real datum caiso tell solar wind capacity kwh household year energy consumption socal need > powerwall < cur > m
181,rt apprenticexrp procoinnew btc < cur > meme high energy consumption token useless piece old tech
182,btc prop tether bust w energy consumption ban energy extensive crypto proof work d like know record layah hold < cur > xrp consider state ripple lose sec btc lose spot
183,layahheilpern btc prop tether bust energy consumption ban energy extensive crypto proof work d like know record hold < cur > xrp consider state ripple lose sec
184,rt hubermanlab caffeine give jitter mg theanine alongside actually approach energy drink
185,rt ecowarriorss uk bad open new coal plant bbc plan internet streaming tv tv viewing relatively low sou
186,rt hubermanlab caffeine give jitter mg theanine alongside actually approach energy drink
187,u s energy consumption fuel ac write task
188,tesla build energy product offering cover energy production solar product energy storage powerwall energy consumption electric vehicle perfect customer company product
189,rt thetradingengin rotor sail technology provide auxiliary propulsion ship renewable energy wind
190,gwingredient hello professional enterprise commit field heat exchange evaporation system energy saving environmental protection year believe equipment help reduce energy consumption improve production capacity + kitty
191,energy consumption good thing proof work
192,rt hubermanlab caffeine give jitter mg theanine alongside actually approach energy drink
193,hubermanlab mitenyo correlate relationship rise caffeine consumption coffee culture energy drink rise anxiety year factor
194,elonmusk senatorsinema goat stamina energy drink goat stamina innovative multi ingredient food supplement design gamer huge advantage goat stamina duration action hour consumption product contain sugar
195,actbrigitte goat stamina energy drink goat stamina innovative multi ingredient food supplement design gamer huge advantage goat stamina duration action hour consumption product contain sugar
196,hodgetwin anieborden goat stamina energy drink goat stamina innovative multi ingredient food supplement design gamer huge advantage goat stamina duration action hour consumption product contain sugar
197,rudygiuliani goat stamina energy drink goat stamina innovative multi ingredient food supplement design gamer huge advantage goat stamina duration action hour consumption product contain sugar
198,brixfarm hello professional enterprise commit field heat exchange evaporation system energy saving environmental protection year believe equipment help reduce energy consumption improve production capacity + kitty
199,potus goat stamina energy drink goat stamina innovative multi ingredient food supplement design gamer huge advantage goat stamina duration action hour consumption product contain sugar
200,rt hubermanlab caffeine give jitter mg theanine alongside actually approach energy drink
201,croatian team unfair advantage consumption arabesque gold plate steak give energy boost brazil not compete brazilian team overconfident not croatian team seriously
202,cryptopylon proud announce new token bear casolcoin community token aim change energy consumption presale come soon saveearth website
203,btcpriceup proud announce new token bear casolcoin community token aim change energy consumption presale come soon saveearth website
204,justcanadian robcairns louisgeorgevonb jasonhickel x ^ = interesting primary energy consumption ~ hour solar radiation hit earth atmosphere coal oil natural gas ~ consumption
205,bnbtracker proud announce new token bear casolcoin community token aim change energy consumption presale come soon saveearth website
206,yuugiriawano proud announce new token bear casolcoin community token aim change energy consumption presale come soon saveearth website
207,coinok proud announce new token bear casolcoin community token aim change energy consumption presale come soon saveearth website
208,nowadays blockchain undergo significant upgrade example cut energy consumption consume energy future blockchain functionality low cost mainstream application
209,incorporate functional fitness regime increase quality life join coachmitushi fitindiaactivesunday saturday enhance movement efficiency increase muscle coordination develop postural strength control reduce energy consumption
210,rt hubermanlab caffeine give jitter mg theanine alongside actually approach energy drink
211,new bill demand bitcoin miner declare energy consumption
212,new bill demand bitcoin miner declare energy consumption
213,justcanadian robcairns louisgeorgevonb jasonhickel primary energy consumption twhr x ^ whr sec hr x ^ j primary consumption year
214,rt timmodise ministers eskom board member free generator home loadshedde stage unreal wonder
215,ankara expand gas pipeline long time domestic consumption aim energy hub transfer gas country energy turkey russia gas
216,rt hubermanlab caffeine give jitter mg theanine alongside actually approach energy drink
217,johnstossel action ask drive electric car climate activist work greener energy generation consumption reduce fly invest mass public transportation reduce meat consumption happen isolation
218,rt hubermanlab caffeine give jitter mg theanine alongside actually approach energy drink
219,stmiteva energy consumption loss precious time life think achieve
220,rt altcoindailyio people fud bitcoin energy consumption
221,rt arduino monitor energy consumption arduino iot cloud mkr wifi mkr shield modbus compatible
222,rt digieconomist late research show ethereum merge reduce network energy consumption time fo
223,total global energy consumption increase decade total global population increase period total global carbon emission energy use increase decade
224,prometheus bind s fly car s energy consumption fall henry adams curve exponential growth diminish return eco consciousness failure nerve world today s world tomorrow
225,new bill demand bitcoin miner declare energy consumption
226,rt hubermanlab caffeine give jitter mg theanine alongside actually approach energy drink
227,renewableenergy energy energyproduction america china electricity windenergy solarenergy hydroenergy renewables renewablepower russia germany africa india canada brazil europe asia oceania southamerica latam japan turkey norway
228,ai energy consumption compare crypto nft
229,rt garquake indias fuel consumption proxy oil demand rise year year november million tonne datum
230,skdh johnwfarrell energy avoid consumption break hyperbolic state dissipate field dark energy probably visible light spectrum shit ton black hole honest
231,skdh johnwfarrell good explanation gravity dark energy universe evolve conserve angular momentum look know universe high certainty avoid consumption
232,process bitcoin mining secure demand enormous computing power energy consumption user essentially burn money solve computational puzzle earn bitcoin pinetwork pipayment
233,theory rotate windturbine number resource depletion wrld require twh consumption synchronousturbine create use resourcedepletion country ultimately planet require total energy output
234,rt axios international energy agency project noticeable peak overall fossil fuel consumption decade na
235,rt remoteworkio remote work ultimate environmental policy reduce car traffic reduce business travel crowded publi
236,rt columbiauenergy india rank rd globally carbon emission having emit billion metric ton co country
237,elonmusk need slow economic activity lower energy consumption meet biden wef global energy debacle
238,rt digieconomist late research show ethereum merge reduce network energy consumption time fo
239,rt erewhonever fb friend apparently volunteer social credit shock troop police home heating choice energy con
240,stefaniebe leave light month hell energy consumption want feeling house key friend ask turn light go arrive long trip wait home
241,rt hubermanlab caffeine give jitter mg theanine alongside actually approach energy drink
242,rt ahq president pakistan dr arif alvi urge need bring attitudinal shift rapid consumption conservi
243,rt hubermanlab caffeine give jitter mg theanine alongside actually approach energy drink
244,rt hubermanlab caffeine give jitter mg theanine alongside actually approach energy drink
245,rt hubermanlab caffeine give jitter mg theanine alongside actually approach energy drink
246,rt hubermanlab caffeine give jitter mg theanine alongside actually approach energy drink
247,rt hubermanlab caffeine give jitter mg theanine alongside actually approach energy drink
248,rt hubermanlab caffeine give jitter mg theanine alongside actually approach energy drink
249,rt hubermanlab caffeine give jitter mg theanine alongside actually approach energy drink
250,fwcscocpisogln alexbrogan save here compile thread ai generate summary important technology trend apply artificial intelligence advance connectivity bioengineere clean energy mobility sustainable consumption web
251,angantyrfs interesting productivity continue rise decline energy consumption
252,rt hubermanlab caffeine give jitter mg theanine alongside actually approach energy drink
253,celebrate collapse coma induce sleep depravation extreme sugar crash excessive consumption energy drink critical stable condition > w >
254,rt hubermanlab caffeine give jitter mg theanine alongside actually approach energy drink
255,rt tdavidbank population rise change resource energy consumption provide solution climate b
256,rt hubermanlab caffeine give jitter mg theanine alongside actually approach energy drink
257,rt judgeyourself weather currently freeze advert tell reduce energy consumption reduce pri
258,rt altcoindailyio people fud bitcoin energy consumption
259,rt hubermanlab caffeine give jitter mg theanine alongside actually approach energy drink
260,rt ecowarriorss bbc desire end traditional terrestrial tv replace internet streaming video fuel carbon emissio
261,rt violinall hour view tv terrestrial network energy consumption wh stream wh
262,rt yanqinyq analysis china energy demand outlook researcher state grid estimate energy consumption +
263,rt ericssonapac explore work jointly singtel deploy singapore energy efficient radio cell
264,rt coveringclimate antonioguterre large tech company make climate crisis bad massive energy consumption
265,rt crccnews triptogreen sino german eco city exhibition hall zero energy consumption building tianjin rely o
266,rephuffman senmarkey crypto growth bring psychotic actor look predate vulnerable consumption problem modern age bitcoin transform way use energy incentivising save time educate
267,celebjet elonmusk interesting know energy consumption controversial tweet use twitter isp server
268,people fud bitcoin excess energy consumption lifecentric
269,rt violinall hour view tv terrestrial network energy consumption wh stream wh
270,rt digieconomist late research show ethereum merge reduce network energy consumption time fo
271,rt digieconomist late research show ethereum merge reduce network energy consumption time fo
272,usd + million dollar spend power consumption daily bitcoin network go look coin think bad spend energy consider turn heater winter disconnect security monitor etc etc
273,rt digieconomist late research show ethereum merge reduce network energy consumption time fo
274,rt hubermanlab caffeine give jitter mg theanine alongside actually approach energy drink
275,rt hubermanlab caffeine give jitter mg theanine alongside actually approach energy drink
276,hydrocarbon hemp process wide range biomass energy source fuel pellet liquid fuel gas development bio fuel significantly reduce consumption fossil fuel nuclear power legalise hemp marijuana hempsibangi
277,rt derbysyme nytime kill demand quick switch fossil fuel alternative aspect life transportation
278,hour view tv terrestrial network energy consumption wh stream wh
279,workadventurephaser
280,sawyermerritt go cost address seasonal fluctuation solar wind analysis base attached plot real datum caiso tell solar wind capacity kwh household year energy consumption socal need > powerwall < cur > m
281,rt apprenticexrp procoinnew btc < cur > meme high energy consumption token useless piece old tech
282,btc prop tether bust w energy consumption ban energy extensive crypto proof work d like know record layah hold < cur > xrp consider state ripple lose sec btc lose spot
283,layahheilpern btc prop tether bust energy consumption ban energy extensive crypto proof work d like know record hold < cur > xrp consider state ripple lose sec
284,rt hubermanlab caffeine give jitter mg theanine alongside actually approach energy drink
285,rt ecowarriorss uk bad open new coal plant bbc plan internet streaming tv tv viewing relatively low sou
286,rt hubermanlab caffeine give jitter mg theanine alongside actually approach energy drink
287,u s energy consumption fuel ac write task
288,tesla build energy product offering cover energy production solar product energy storage powerwall energy consumption electric vehicle perfect customer company product
289,rt thetradingengin rotor sail technology provide auxiliary propulsion ship renewable energy wind
290,gwingredient hello professional enterprise commit field heat exchange evaporation system energy saving environmental protection year believe equipment help reduce energy consumption improve production capacity + kitty
291,energy consumption good thing proof work
292,rt hubermanlab caffeine give jitter mg theanine alongside actually approach energy drink
293,hubermanlab mitenyo correlate relationship rise caffeine consumption coffee culture energy drink rise anxiety year factor
294,elonmusk senatorsinema goat stamina energy drink goat stamina innovative multi ingredient food supplement design gamer huge advantage goat stamina duration action hour consumption product contain sugar
295,actbrigitte goat stamina energy drink goat stamina innovative multi ingredient food supplement design gamer huge advantage goat stamina duration action hour consumption product contain sugar
296,hodgetwin anieborden goat stamina energy drink goat stamina innovative multi ingredient food supplement design gamer huge advantage goat stamina duration action hour consumption product contain sugar
297,rudygiuliani goat stamina energy drink goat stamina innovative multi ingredient food supplement design gamer huge advantage goat stamina duration action hour consumption product contain sugar
298,brixfarm hello professional enterprise commit field heat exchange evaporation system energy saving environmental protection year believe equipment help reduce energy consumption improve production capacity + kitty
299,potus goat stamina energy drink goat stamina innovative multi ingredient food supplement design gamer huge advantage goat stamina duration action hour consumption product contain sugar
300,rt hubermanlab caffeine give jitter mg theanine alongside actually approach energy drink
301,skullscience pgdyne alanwilliamz happen resource end life versus happen fossil derive energy consume completely different class consumption good track record material like plastic potentially recyclable good nope
302,rt hubermanlab caffeine give jitter mg theanine alongside actually approach energy drink
303,croatian team unfair advantage consumption arabesque gold plate steak give energy boost brazil not compete brazilian team overconfident not croatian team seriously
304,cryptopylon proud announce new token bear casolcoin community token aim change energy consumption presale come soon saveearth website
305,btcpriceup proud announce new token bear casolcoin community token aim change energy consumption presale come soon saveearth website
306,justcanadian robcairns louisgeorgevonb jasonhickel x ^ = interesting primary energy consumption ~ hour solar radiation hit earth atmosphere coal oil natural gas ~ consumption
307,bnbtracker proud announce new token bear casolcoin community token aim change energy consumption presale come soon saveearth website
308,yuugiriawano proud announce new token bear casolcoin community token aim change energy consumption presale come soon saveearth website
309,coinok proud announce new token bear casolcoin community token aim change energy consumption presale come soon saveearth website
310,nowadays blockchain undergo significant upgrade example cut energy consumption consume energy future blockchain functionality low cost mainstream application
311,incorporate functional fitness regime increase quality life join coachmitushi fitindiaactivesunday saturday enhance movement efficiency increase muscle coordination develop postural strength control reduce energy consumption
312,rt hubermanlab caffeine give jitter mg theanine alongside actually approach energy drink
313,new bill demand bitcoin miner declare energy consumption
314,new bill demand bitcoin miner declare energy consumption
315,justcanadian robcairns louisgeorgevonb jasonhickel primary energy consumption twhr x ^ whr sec hr x ^ j primary consumption year
316,rt timmodise ministers eskom board member free generator home loadshedde stage unreal wonder
317,ankara expand gas pipeline long time domestic consumption aim energy hub transfer gas country energy turkey russia gas
318,rt hubermanlab caffeine give jitter mg theanine alongside actually approach energy drink
319,johnstossel action ask drive electric car climate activist work greener energy generation consumption reduce fly invest mass public transportation reduce meat consumption happen isolation
320,rt hubermanlab caffeine give jitter mg theanine alongside actually approach energy drink
321,stmiteva energy consumption loss precious time life think achieve
322,rt altcoindailyio people fud bitcoin energy consumption
323,rt arduino monitor energy consumption arduino iot cloud mkr wifi mkr shield modbus compatible
324,rt digieconomist late research show ethereum merge reduce network energy consumption time fo
325,total global energy consumption increase decade total global population increase period total global carbon emission energy use increase decade
326,prometheus bind s fly car s energy consumption fall henry adams curve exponential growth diminish return eco consciousness failure nerve world today s world tomorrow
327,new bill demand bitcoin miner declare energy consumption
328,rt hubermanlab caffeine give jitter mg theanine alongside actually approach energy drink
329,renewableenergy energy energyproduction america china electricity windenergy solarenergy hydroenergy renewables renewablepower russia germany africa india canada brazil europe asia oceania southamerica latam japan turkey norway
330,ai energy consumption compare crypto nft
331,rt garquake indias fuel consumption proxy oil demand rise year year november million tonne datum
332,skdh johnwfarrell energy avoid consumption break hyperbolic state dissipate field dark energy probably visible light spectrum shit ton black hole honest
333,skdh johnwfarrell good explanation gravity dark energy universe evolve conserve angular momentum look know universe high certainty avoid consumption
334,process bitcoin mining secure demand enormous computing power energy consumption user essentially burn money solve computational puzzle earn bitcoin pinetwork pipayment
335,theory rotate windturbine number resource depletion wrld require twh consumption synchronousturbine create use resourcedepletion country ultimately planet require total energy output
336,rt axios international energy agency project noticeable peak overall fossil fuel consumption decade na
337,rt remoteworkio remote work ultimate environmental policy reduce car traffic reduce business travel crowded publi
338,rt columbiauenergy india rank rd globally carbon emission having emit billion metric ton co country
339,elonmusk need slow economic activity lower energy consumption meet biden wef global energy debacle
340,rt digieconomist late research show ethereum merge reduce network energy consumption time fo
341,rt erewhonever fb friend apparently volunteer social credit shock troop police home heating choice energy con
342,stefaniebe leave light month hell energy consumption want feeling house key friend ask turn light go arrive long trip wait home
343,rt hubermanlab caffeine give jitter mg theanine alongside actually approach energy drink
344,rt ahq president pakistan dr arif alvi urge need bring attitudinal shift rapid consumption conservi
345,rt hubermanlab caffeine give jitter mg theanine alongside actually approach energy drink
346,rt hubermanlab caffeine give jitter mg theanine alongside actually approach energy drink
347,rt hubermanlab caffeine give jitter mg theanine alongside actually approach energy drink
348,rt hubermanlab caffeine give jitter mg theanine alongside actually approach energy drink
349,rt hubermanlab caffeine give jitter mg theanine alongside actually approach energy drink
350,rt hubermanlab caffeine give jitter mg theanine alongside actually approach energy drink
351,rt hubermanlab caffeine give jitter mg theanine alongside actually approach energy drink
352,fwcscocpisogln alexbrogan save here compile thread ai generate summary important technology trend apply artificial intelligence advance connectivity bioengineere clean energy mobility sustainable consumption web
353,angantyrfs interesting productivity continue rise decline energy consumption
354,rt hubermanlab caffeine give jitter mg theanine alongside actually approach energy drink
355,celebrate collapse coma induce sleep depravation extreme sugar crash excessive consumption energy drink critical stable condition > w >
356,rt hubermanlab caffeine give jitter mg theanine alongside actually approach energy drink
357,rt tdavidbank population rise change resource energy consumption provide solution climate b
358,rt hubermanlab caffeine give jitter mg theanine alongside actually approach energy drink
359,rt judgeyourself weather currently freeze advert tell reduce energy consumption reduce pri
360,rt altcoindailyio people fud bitcoin energy consumption
361,rt hubermanlab caffeine give jitter mg theanine alongside actually approach energy drink
362,rt ecowarriorss bbc desire end traditional terrestrial tv replace internet streaming video fuel carbon emissio
363,rt violinall hour view tv terrestrial network energy consumption wh stream wh
364,rt yanqinyq analysis china energy demand outlook researcher state grid estimate energy consumption +
365,rt ericssonapac explore work jointly singtel deploy singapore energy efficient radio cell
366,rt coveringclimate antonioguterre large tech company make climate crisis bad massive energy consumption
367,rt crccnews triptogreen sino german eco city exhibition hall zero energy consumption building tianjin rely o
368,rephuffman senmarkey crypto growth bring psychotic actor look predate vulnerable consumption problem modern age bitcoin transform way use energy incentivising save time educate
369,celebjet elonmusk interesting know energy consumption controversial tweet use twitter isp server
370,people fud bitcoin excess energy consumption lifecentric
371,rt violinall hour view tv terrestrial network energy consumption wh stream wh
372,rt digieconomist late research show ethereum merge reduce network energy consumption time fo
373,rt digieconomist late research show ethereum merge reduce network energy consumption time fo
374,usd + million dollar spend power consumption daily bitcoin network go look coin think bad spend energy consider turn heater winter disconnect security monitor etc etc
375,rt digieconomist late research show ethereum merge reduce network energy consumption time fo
376,rt hubermanlab caffeine give jitter mg theanine alongside actually approach energy drink
377,rt hubermanlab caffeine give jitter mg theanine alongside actually approach energy drink
378,hydrocarbon hemp process wide range biomass energy source fuel pellet liquid fuel gas development bio fuel significantly reduce consumption fossil fuel nuclear power legalise hemp marijuana hempsibangi
379,rt derbysyme nytime kill demand quick switch fossil fuel alternative aspect life transportation
380,hour view tv terrestrial network energy consumption wh stream wh
381,workadventurephaser
382,sawyermerritt go cost address seasonal fluctuation solar wind analysis base attached plot real datum caiso tell solar wind capacity kwh household year energy consumption socal need > powerwall < cur > m
383,rt apprenticexrp procoinnew btc < cur > meme high energy consumption token useless piece old tech
384,btc prop tether bust w energy consumption ban energy extensive crypto proof work d like know record layah hold < cur > xrp consider state ripple lose sec btc lose spot
385,layahheilpern btc prop tether bust energy consumption ban energy extensive crypto proof work d like know record hold < cur > xrp consider state ripple lose sec
386,rt hubermanlab caffeine give jitter mg theanine alongside actually approach energy drink
387,rt ecowarriorss uk bad open new coal plant bbc plan internet streaming tv tv viewing relatively low sou
388,rt hubermanlab caffeine give jitter mg theanine alongside actually approach energy drink
389,u s energy consumption fuel ac write task
390,tesla build energy product offering cover energy production solar product energy storage powerwall energy consumption electric vehicle perfect customer company product
391,rt thetradingengin rotor sail technology provide auxiliary propulsion ship renewable energy wind
392,gwingredient hello professional enterprise commit field heat exchange evaporation system energy saving environmental protection year believe equipment help reduce energy consumption improve production capacity + kitty
393,energy consumption good thing proof work
394,rt hubermanlab caffeine give jitter mg theanine alongside actually approach energy drink
395,hubermanlab mitenyo correlate relationship rise caffeine consumption coffee culture energy drink rise anxiety year factor
396,elonmusk senatorsinema goat stamina energy drink goat stamina innovative multi ingredient food supplement design gamer huge advantage goat stamina duration action hour consumption product contain sugar
397,actbrigitte goat stamina energy drink goat stamina innovative multi ingredient food supplement design gamer huge advantage goat stamina duration action hour consumption product contain sugar
398,hodgetwin anieborden goat stamina energy drink goat stamina innovative multi ingredient food supplement design gamer huge advantage goat stamina duration action hour consumption product contain sugar
399,rudygiuliani goat stamina energy drink goat stamina innovative multi ingredient food supplement design gamer huge advantage goat stamina duration action hour consumption product contain sugar
400,rt hubermanlab caffeine give jitter mg theanine alongside actually approach energy drink
401,skullscience pgdyne alanwilliamz happen resource end life versus happen fossil derive energy consume completely different class consumption good track record material like plastic potentially recyclable good nope
402,rt hubermanlab caffeine give jitter mg theanine alongside actually approach energy drink
403,croatian team unfair advantage consumption arabesque gold plate steak give energy boost brazil not compete brazilian team overconfident not croatian team seriously
404,cryptopylon proud announce new token bear casolcoin community token aim change energy consumption presale come soon saveearth website
405,btcpriceup proud announce new token bear casolcoin community token aim change energy consumption presale come soon saveearth website
406,justcanadian robcairns louisgeorgevonb jasonhickel x ^ = interesting primary energy consumption ~ hour solar radiation hit earth atmosphere coal oil natural gas ~ consumption
407,bnbtracker proud announce new token bear casolcoin community token aim change energy consumption presale come soon saveearth website
408,yuugiriawano proud announce new token bear casolcoin community token aim change energy consumption presale come soon saveearth website
409,coinok proud announce new token bear casolcoin community token aim change energy consumption presale come soon saveearth website
410,nowadays blockchain undergo significant upgrade example cut energy consumption consume energy future blockchain functionality low cost mainstream application
411,incorporate functional fitness regime increase quality life join coachmitushi fitindiaactivesunday saturday enhance movement efficiency increase muscle coordination develop postural strength control reduce energy consumption
412,rt hubermanlab caffeine give jitter mg theanine alongside actually approach energy drink
413,new bill demand bitcoin miner declare energy consumption
414,new bill demand bitcoin miner declare energy consumption
415,justcanadian robcairns louisgeorgevonb jasonhickel primary energy consumption twhr x ^ whr sec hr x ^ j primary consumption year
416,rt timmodise ministers eskom board member free generator home loadshedde stage unreal wonder
417,ankara expand gas pipeline long time domestic consumption aim energy hub transfer gas country energy turkey russia gas
418,rt hubermanlab caffeine give jitter mg theanine alongside actually approach energy drink
419,johnstossel action ask drive electric car climate activist work greener energy generation consumption reduce fly invest mass public transportation reduce meat consumption happen isolation
420,rt hubermanlab caffeine give jitter mg theanine alongside actually approach energy drink
421,stmiteva energy consumption loss precious time life think achieve
422,rt altcoindailyio people fud bitcoin energy consumption
423,rt arduino monitor energy consumption arduino iot cloud mkr wifi mkr shield modbus compatible
424,rt digieconomist late research show ethereum merge reduce network energy consumption time fo
425,total global energy consumption increase decade total global population increase period total global carbon emission energy use increase decade
426,prometheus bind s fly car s energy consumption fall henry adams curve exponential growth diminish return eco consciousness failure nerve world today s world tomorrow
427,new bill demand bitcoin miner declare energy consumption
428,rt hubermanlab caffeine give jitter mg theanine alongside actually approach energy drink
429,renewableenergy energy energyproduction america china electricity windenergy solarenergy hydroenergy renewables renewablepower russia germany africa india canada brazil europe asia oceania southamerica latam japan turkey norway
430,ai energy consumption compare crypto nft
431,rt garquake indias fuel consumption proxy oil demand rise year year november million tonne datum
432,skdh johnwfarrell energy avoid consumption break hyperbolic state dissipate field dark energy probably visible light spectrum shit ton black hole honest
433,skdh johnwfarrell good explanation gravity dark energy universe evolve conserve angular momentum look know universe high certainty avoid consumption
434,process bitcoin mining secure demand enormous computing power energy consumption user essentially burn money solve computational puzzle earn bitcoin pinetwork pipayment
435,theory rotate windturbine number resource depletion wrld require twh consumption synchronousturbine create use resourcedepletion country ultimately planet require total energy output
436,rt axios international energy agency project noticeable peak overall fossil fuel consumption decade na
437,rt remoteworkio remote work ultimate environmental policy reduce car traffic reduce business travel crowded publi
438,rt columbiauenergy india rank rd globally carbon emission having emit billion metric ton co country
439,elonmusk need slow economic activity lower energy consumption meet biden wef global energy debacle
440,rt digieconomist late research show ethereum merge reduce network energy consumption time fo
441,rt erewhonever fb friend apparently volunteer social credit shock troop police home heating choice energy con
442,stefaniebe leave light month hell energy consumption want feeling house key friend ask turn light go arrive long trip wait home
443,rt hubermanlab caffeine give jitter mg theanine alongside actually approach energy drink
444,rt ahq president pakistan dr arif alvi urge need bring attitudinal shift rapid consumption conservi
445,rt hubermanlab caffeine give jitter mg theanine alongside actually approach energy drink
446,rt hubermanlab caffeine give jitter mg theanine alongside actually approach energy drink
447,rt hubermanlab caffeine give jitter mg theanine alongside actually approach energy drink
448,rt hubermanlab caffeine give jitter mg theanine alongside actually approach energy drink
449,rt hubermanlab caffeine give jitter mg theanine alongside actually approach energy drink
450,rt hubermanlab caffeine give jitter mg theanine alongside actually approach energy drink
451,rt hubermanlab caffeine give jitter mg theanine alongside actually approach energy drink
452,fwcscocpisogln alexbrogan save here compile thread ai generate summary important technology trend apply artificial intelligence advance connectivity bioengineere clean energy mobility sustainable consumption web
453,angantyrfs interesting productivity continue rise decline energy consumption
454,rt hubermanlab caffeine give jitter mg theanine alongside actually approach energy drink
455,celebrate collapse coma induce sleep depravation extreme sugar crash excessive consumption energy drink critical stable condition > w >
456,rt hubermanlab caffeine give jitter mg theanine alongside actually approach energy drink
457,rt tdavidbank population rise change resource energy consumption provide solution climate b
458,rt hubermanlab caffeine give jitter mg theanine alongside actually approach energy drink
459,rt judgeyourself weather currently freeze advert tell reduce energy consumption reduce pri
460,rt altcoindailyio people fud bitcoin energy consumption
461,rt hubermanlab caffeine give jitter mg theanine alongside actually approach energy drink
462,rt ecowarriorss bbc desire end traditional terrestrial tv replace internet streaming video fuel carbon emissio
463,rt violinall hour view tv terrestrial network energy consumption wh stream wh
464,rt yanqinyq analysis china energy demand outlook researcher state grid estimate energy consumption +
465,rt ericssonapac explore work jointly singtel deploy singapore energy efficient radio cell
466,rt coveringclimate antonioguterre large tech company make climate crisis bad massive energy consumption
467,rt crccnews triptogreen sino german eco city exhibition hall zero energy consumption building tianjin rely o
468,rephuffman senmarkey crypto growth bring psychotic actor look predate vulnerable consumption problem modern age bitcoin transform way use energy incentivising save time educate
469,celebjet elonmusk interesting know energy consumption controversial tweet use twitter isp server
470,people fud bitcoin excess energy consumption lifecentric
471,rt violinall hour view tv terrestrial network energy consumption wh stream wh
472,rt digieconomist late research show ethereum merge reduce network energy consumption time fo
473,rt digieconomist late research show ethereum merge reduce network energy consumption time fo
474,usd + million dollar spend power consumption daily bitcoin network go look coin think bad spend energy consider turn heater winter disconnect security monitor etc etc
475,rt digieconomist late research show ethereum merge reduce network energy consumption time fo
476,rt hubermanlab caffeine give jitter mg theanine alongside actually approach energy drink
477,rt hubermanlab caffeine give jitter mg theanine alongside actually approach energy drink
478,hydrocarbon hemp process wide range biomass energy source fuel pellet liquid fuel gas development bio fuel significantly reduce consumption fossil fuel nuclear power legalise hemp marijuana hempsibangi
479,rt derbysyme nytime kill demand quick switch fossil fuel alternative aspect life transportation
480,hour view tv terrestrial network energy consumption wh stream wh
481,workadventurephaser
482,sawyermerritt go cost address seasonal fluctuation solar wind analysis base attached plot real datum caiso tell solar wind capacity kwh household year energy consumption socal need > powerwall < cur > m
483,rt apprenticexrp procoinnew btc < cur > meme high energy consumption token useless piece old tech
484,btc prop tether bust w energy consumption ban energy extensive crypto proof work d like know record layah hold < cur > xrp consider state ripple lose sec btc lose spot
485,layahheilpern btc prop tether bust energy consumption ban energy extensive crypto proof work d like know record hold < cur > xrp consider state ripple lose sec
486,rt hubermanlab caffeine give jitter mg theanine alongside actually approach energy drink
487,rt ecowarriorss uk bad open new coal plant bbc plan internet streaming tv tv viewing relatively low sou
488,rt hubermanlab caffeine give jitter mg theanine alongside actually approach energy drink
489,u s energy consumption fuel ac write task
490,tesla build energy product offering cover energy production solar product energy storage powerwall energy consumption electric vehicle perfect customer company product
491,rt thetradingengin rotor sail technology provide auxiliary propulsion ship renewable energy wind
492,gwingredient hello professional enterprise commit field heat exchange evaporation system energy saving environmental protection year believe equipment help reduce energy consumption improve production capacity + kitty
493,energy consumption good thing proof work
494,rt hubermanlab caffeine give jitter mg theanine alongside actually approach energy drink
495,hubermanlab mitenyo correlate relationship rise caffeine consumption coffee culture energy drink rise anxiety year factor
496,elonmusk senatorsinema goat stamina energy drink goat stamina innovative multi ingredient food supplement design gamer huge advantage goat stamina duration action hour consumption product contain sugar
497,actbrigitte goat stamina energy drink goat stamina innovative multi ingredient food supplement design gamer huge advantage goat stamina duration action hour consumption product contain sugar
498,hodgetwin anieborden goat stamina energy drink goat stamina innovative multi ingredient food supplement design gamer huge advantage goat stamina duration action hour consumption product contain sugar
499,rudygiuliani goat stamina energy drink goat stamina innovative multi ingredient food supplement design gamer huge advantage goat stamina duration action hour consumption product contain sugar
500,rt hubermanlab caffeine give jitter mg theanine alongside actually approach energy drink
501,skullscience pgdyne alanwilliamz happen resource end life versus happen fossil derive energy consume completely different class consumption good track record material like plastic potentially recyclable good nope
502,rt hubermanlab caffeine give jitter mg theanine alongside actually approach energy drink
503,croatian team unfair advantage consumption arabesque gold plate steak give energy boost brazil not compete brazilian team overconfident not croatian team seriously
504,cryptopylon proud announce new token bear casolcoin community token aim change energy consumption presale come soon saveearth website
505,btcpriceup proud announce new token bear casolcoin community token aim change energy consumption presale come soon saveearth website
506,justcanadian robcairns louisgeorgevonb jasonhickel x ^ = interesting primary energy consumption ~ hour solar radiation hit earth atmosphere coal oil natural gas ~ consumption
507,bnbtracker proud announce new token bear casolcoin community token aim change energy consumption presale come soon saveearth website
508,yuugiriawano proud announce new token bear casolcoin community token aim change energy consumption presale come soon saveearth website
509,coinok proud announce new token bear casolcoin community token aim change energy consumption presale come soon saveearth website
510,nowadays blockchain undergo significant upgrade example cut energy consumption consume energy future blockchain functionality low cost mainstream application
511,incorporate functional fitness regime increase quality life join coachmitushi fitindiaactivesunday saturday enhance movement efficiency increase muscle coordination develop postural strength control reduce energy consumption
512,rt hubermanlab caffeine give jitter mg theanine alongside actually approach energy drink
513,new bill demand bitcoin miner declare energy consumption
514,new bill demand bitcoin miner declare energy consumption
515,justcanadian robcairns louisgeorgevonb jasonhickel primary energy consumption twhr x ^ whr sec hr x ^ j primary consumption year
516,rt timmodise ministers eskom board member free generator home loadshedde stage unreal wonder
517,ankara expand gas pipeline long time domestic consumption aim energy hub transfer gas country energy turkey russia gas
518,rt hubermanlab caffeine give jitter mg theanine alongside actually approach energy drink
519,johnstossel action ask drive electric car climate activist work greener energy generation consumption reduce fly invest mass public transportation reduce meat consumption happen isolation
520,rt hubermanlab caffeine give jitter mg theanine alongside actually approach energy drink
521,stmiteva energy consumption loss precious time life think achieve
522,rt altcoindailyio people fud bitcoin energy consumption
523,rt arduino monitor energy consumption arduino iot cloud mkr wifi mkr shield modbus compatible
524,rt digieconomist late research show ethereum merge reduce network energy consumption time fo
525,total global energy consumption increase decade total global population increase period total global carbon emission energy use increase decade
526,prometheus bind s fly car s energy consumption fall henry adams curve exponential growth diminish return eco consciousness failure nerve world today s world tomorrow
527,new bill demand bitcoin miner declare energy consumption
528,rt hubermanlab caffeine give jitter mg theanine alongside actually approach energy drink
529,renewableenergy energy energyproduction america china electricity windenergy solarenergy hydroenergy renewables renewablepower russia germany africa india canada brazil europe asia oceania southamerica latam japan turkey norway
530,ai energy consumption compare crypto nft
531,rt garquake indias fuel consumption proxy oil demand rise year year november million tonne datum
532,skdh johnwfarrell energy avoid consumption break hyperbolic state dissipate field dark energy probably visible light spectrum shit ton black hole honest
533,skdh johnwfarrell good explanation gravity dark energy universe evolve conserve angular momentum look know universe high certainty avoid consumption
534,process bitcoin mining secure demand enormous computing power energy consumption user essentially burn money solve computational puzzle earn bitcoin pinetwork pipayment
535,theory rotate windturbine number resource depletion wrld require twh consumption synchronousturbine create use resourcedepletion country ultimately planet require total energy output
536,rt axios international energy agency project noticeable peak overall fossil fuel consumption decade na
537,rt remoteworkio remote work ultimate environmental policy reduce car traffic reduce business travel crowded publi
538,rt columbiauenergy india rank rd globally carbon emission having emit billion metric ton co country
539,elonmusk need slow economic activity lower energy consumption meet biden wef global energy debacle
540,rt digieconomist late research show ethereum merge reduce network energy consumption time fo
541,rt erewhonever fb friend apparently volunteer social credit shock troop police home heating choice energy con
542,stefaniebe leave light month hell energy consumption want feeling house key friend ask turn light go arrive long trip wait home
543,rt hubermanlab caffeine give jitter mg theanine alongside actually approach energy drink
544,rt ahq president pakistan dr arif alvi urge need bring attitudinal shift rapid consumption conservi
545,rt hubermanlab caffeine give jitter mg theanine alongside actually approach energy drink
546,rt hubermanlab caffeine give jitter mg theanine alongside actually approach energy drink
547,rt hubermanlab caffeine give jitter mg theanine alongside actually approach energy drink
548,rt hubermanlab caffeine give jitter mg theanine alongside actually approach energy drink
549,rt hubermanlab caffeine give jitter mg theanine alongside actually approach energy drink
550,rt hubermanlab caffeine give jitter mg theanine alongside actually approach energy drink
551,rt hubermanlab caffeine give jitter mg theanine alongside actually approach energy drink
552,fwcscocpisogln alexbrogan save here compile thread ai generate summary important technology trend apply artificial intelligence advance connectivity bioengineere clean energy mobility sustainable consumption web
553,angantyrfs interesting productivity continue rise decline energy consumption
554,rt hubermanlab caffeine give jitter mg theanine alongside actually approach energy drink
555,celebrate collapse coma induce sleep depravation extreme sugar crash excessive consumption energy drink critical stable condition > w >
556,rt hubermanlab caffeine give jitter mg theanine alongside actually approach energy drink
557,rt tdavidbank population rise change resource energy consumption provide solution climate b
558,rt hubermanlab caffeine give jitter mg theanine alongside actually approach energy drink
559,rt judgeyourself weather currently freeze advert tell reduce energy consumption reduce pri
560,rt altcoindailyio people fud bitcoin energy consumption
561,rt hubermanlab caffeine give jitter mg theanine alongside actually approach energy drink
562,rt ecowarriorss bbc desire end traditional terrestrial tv replace internet streaming video fuel carbon emissio
563,rt violinall hour view tv terrestrial network energy consumption wh stream wh
564,rt yanqinyq analysis china energy demand outlook researcher state grid estimate energy consumption +
565,rt ericssonapac explore work jointly singtel deploy singapore energy efficient radio cell
566,rt coveringclimate antonioguterre large tech company make climate crisis bad massive energy consumption
567,rt crccnews triptogreen sino german eco city exhibition hall zero energy consumption building tianjin rely o
568,rephuffman senmarkey crypto growth bring psychotic actor look predate vulnerable consumption problem modern age bitcoin transform way use energy incentivising save time educate
569,celebjet elonmusk interesting know energy consumption controversial tweet use twitter isp server
570,people fud bitcoin excess energy consumption lifecentric
571,rt violinall hour view tv terrestrial network energy consumption wh stream wh
572,rt digieconomist late research show ethereum merge reduce network energy consumption time fo
573,rt digieconomist late research show ethereum merge reduce network energy consumption time fo
574,usd + million dollar spend power consumption daily bitcoin network go look coin think bad spend energy consider turn heater winter disconnect security monitor etc etc
575,rt digieconomist late research show ethereum merge reduce network energy consumption time fo
576,rt hubermanlab caffeine give jitter mg theanine alongside actually approach energy drink
577,rt hubermanlab caffeine give jitter mg theanine alongside actually approach energy drink
578,hydrocarbon hemp process wide range biomass energy source fuel pellet liquid fuel gas development bio fuel significantly reduce consumption fossil fuel nuclear power legalise hemp marijuana hempsibangi
579,rt derbysyme nytime kill demand quick switch fossil fuel alternative aspect life transportation
580,hour view tv terrestrial network energy consumption wh stream wh
581,workadventurephaser
582,sawyermerritt go cost address seasonal fluctuation solar wind analysis base attached plot real datum caiso tell solar wind capacity kwh household year energy consumption socal need > powerwall < cur > m
583,rt apprenticexrp procoinnew btc < cur > meme high energy consumption token useless piece old tech
584,btc prop tether bust w energy consumption ban energy extensive crypto proof work d like know record layah hold < cur > xrp consider state ripple lose sec btc lose spot
585,layahheilpern btc prop tether bust energy consumption ban energy extensive crypto proof work d like know record hold < cur > xrp consider state ripple lose sec
586,rt hubermanlab caffeine give jitter mg theanine alongside actually approach energy drink
587,rt ecowarriorss uk bad open new coal plant bbc plan internet streaming tv tv viewing relatively low sou
588,rt hubermanlab caffeine give jitter mg theanine alongside actually approach energy drink
589,u s energy consumption fuel ac write task
590,tesla build energy product offering cover energy production solar product energy storage powerwall energy consumption electric vehicle perfect customer company product
591,rt thetradingengin rotor sail technology provide auxiliary propulsion ship renewable energy wind
592,gwingredient hello professional enterprise commit field heat exchange evaporation system energy saving environmental protection year believe equipment help reduce energy consumption improve production capacity + kitty
593,energy consumption good thing proof work
594,rt hubermanlab caffeine give jitter mg theanine alongside actually approach energy drink
595,hubermanlab mitenyo correlate relationship rise caffeine consumption coffee culture energy drink rise anxiety year factor
596,elonmusk senatorsinema goat stamina energy drink goat stamina innovative multi ingredient food supplement design gamer huge advantage goat stamina duration action hour consumption product contain sugar
597,actbrigitte goat stamina energy drink goat stamina innovative multi ingredient food supplement design gamer huge advantage goat stamina duration action hour consumption product contain sugar
598,hodgetwin anieborden goat stamina energy drink goat stamina innovative multi ingredient food supplement design gamer huge advantage goat stamina duration action hour consumption product contain sugar
599,rudygiuliani goat stamina energy drink goat stamina innovative multi ingredient food supplement design gamer huge advantage goat stamina duration action hour consumption product contain sugar
600,rt hubermanlab caffeine give jitter mg theanine alongside actually approach energy drink
601,skullscience pgdyne alanwilliamz happen resource end life versus happen fossil derive energy consume completely different class consumption good track record material like plastic potentially recyclable good nope
602,rt hubermanlab caffeine give jitter mg theanine alongside actually approach energy drink
603,croatian team unfair advantage consumption arabesque gold plate steak give energy boost brazil not compete brazilian team overconfident not croatian team seriously
604,cryptopylon proud announce new token bear casolcoin community token aim change energy consumption presale come soon saveearth website
605,btcpriceup proud announce new token bear casolcoin community token aim change energy consumption presale come soon saveearth website
606,justcanadian robcairns louisgeorgevonb jasonhickel x ^ = interesting primary energy consumption ~ hour solar radiation hit earth atmosphere coal oil natural gas ~ consumption
607,bnbtracker proud announce new token bear casolcoin community token aim change energy consumption presale come soon saveearth website
608,yuugiriawano proud announce new token bear casolcoin community token aim change energy consumption presale come soon saveearth website
609,coinok proud announce new token bear casolcoin community token aim change energy consumption presale come soon saveearth website
610,nowadays blockchain undergo significant upgrade example cut energy consumption consume energy future blockchain functionality low cost mainstream application
611,incorporate functional fitness regime increase quality life join coachmitushi fitindiaactivesunday saturday enhance movement efficiency increase muscle coordination develop postural strength control reduce energy consumption
612,rt hubermanlab caffeine give jitter mg theanine alongside actually approach energy drink
613,new bill demand bitcoin miner declare energy consumption
614,new bill demand bitcoin miner declare energy consumption
615,justcanadian robcairns louisgeorgevonb jasonhickel primary energy consumption twhr x ^ whr sec hr x ^ j primary consumption year
616,rt timmodise ministers eskom board member free generator home loadshedde stage unreal wonder
617,ankara expand gas pipeline long time domestic consumption aim energy hub transfer gas country energy turkey russia gas
618,rt hubermanlab caffeine give jitter mg theanine alongside actually approach energy drink
619,johnstossel action ask drive electric car climate activist work greener energy generation consumption reduce fly invest mass public transportation reduce meat consumption happen isolation
620,rt hubermanlab caffeine give jitter mg theanine alongside actually approach energy drink
621,stmiteva energy consumption loss precious time life think achieve
622,rt altcoindailyio people fud bitcoin energy consumption
623,rt arduino monitor energy consumption arduino iot cloud mkr wifi mkr shield modbus compatible
624,rt digieconomist late research show ethereum merge reduce network energy consumption time fo
625,total global energy consumption increase decade total global population increase period total global carbon emission energy use increase decade
626,prometheus bind s fly car s energy consumption fall henry adams curve exponential growth diminish return eco consciousness failure nerve world today s world tomorrow
627,new bill demand bitcoin miner declare energy consumption
628,rt hubermanlab caffeine give jitter mg theanine alongside actually approach energy drink
629,renewableenergy energy energyproduction america china electricity windenergy solarenergy hydroenergy renewables renewablepower russia germany africa india canada brazil europe asia oceania southamerica latam japan turkey norway
630,ai energy consumption compare crypto nft
631,rt garquake indias fuel consumption proxy oil demand rise year year november million tonne datum
632,skdh johnwfarrell energy avoid consumption break hyperbolic state dissipate field dark energy probably visible light spectrum shit ton black hole honest
633,skdh johnwfarrell good explanation gravity dark energy universe evolve conserve angular momentum look know universe high certainty avoid consumption
634,process bitcoin mining secure demand enormous computing power energy consumption user essentially burn money solve computational puzzle earn bitcoin pinetwork pipayment
635,theory rotate windturbine number resource depletion wrld require twh consumption synchronousturbine create use resourcedepletion country ultimately planet require total energy output
636,rt axios international energy agency project noticeable peak overall fossil fuel consumption decade na
637,rt remoteworkio remote work ultimate environmental policy reduce car traffic reduce business travel crowded publi
638,rt columbiauenergy india rank rd globally carbon emission having emit billion metric ton co country
639,elonmusk need slow economic activity lower energy consumption meet biden wef global energy debacle
640,rt digieconomist late research show ethereum merge reduce network energy consumption time fo
641,rt erewhonever fb friend apparently volunteer social credit shock troop police home heating choice energy con
642,stefaniebe leave light month hell energy consumption want feeling house key friend ask turn light go arrive long trip wait home
643,rt hubermanlab caffeine give jitter mg theanine alongside actually approach energy drink
644,rt ahq president pakistan dr arif alvi urge need bring attitudinal shift rapid consumption conservi
645,rt hubermanlab caffeine give jitter mg theanine alongside actually approach energy drink
646,rt hubermanlab caffeine give jitter mg theanine alongside actually approach energy drink
647,rt hubermanlab caffeine give jitter mg theanine alongside actually approach energy drink
648,rt hubermanlab caffeine give jitter mg theanine alongside actually approach energy drink
649,rt hubermanlab caffeine give jitter mg theanine alongside actually approach energy drink
650,rt hubermanlab caffeine give jitter mg theanine alongside actually approach energy drink
651,rt hubermanlab caffeine give jitter mg theanine alongside actually approach energy drink
652,fwcscocpisogln alexbrogan save here compile thread ai generate summary important technology trend apply artificial intelligence advance connectivity bioengineere clean energy mobility sustainable consumption web
653,angantyrfs interesting productivity continue rise decline energy consumption
654,rt hubermanlab caffeine give jitter mg theanine alongside actually approach energy drink
655,celebrate collapse coma induce sleep depravation extreme sugar crash excessive consumption energy drink critical stable condition > w >
656,rt hubermanlab caffeine give jitter mg theanine alongside actually approach energy drink
657,rt tdavidbank population rise change resource energy consumption provide solution climate b
658,rt hubermanlab caffeine give jitter mg theanine alongside actually approach energy drink
659,rt judgeyourself weather currently freeze advert tell reduce energy consumption reduce pri
660,rt altcoindailyio people fud bitcoin energy consumption
661,rt hubermanlab caffeine give jitter mg theanine alongside actually approach energy drink
662,rt ecowarriorss bbc desire end traditional terrestrial tv replace internet streaming video fuel carbon emissio
663,rt violinall hour view tv terrestrial network energy consumption wh stream wh
664,rt yanqinyq analysis china energy demand outlook researcher state grid estimate energy consumption +
665,rt ericssonapac explore work jointly singtel deploy singapore energy efficient radio cell
666,rt coveringclimate antonioguterre large tech company make climate crisis bad massive energy consumption
667,rt crccnews triptogreen sino german eco city exhibition hall zero energy consumption building tianjin rely o
668,rephuffman senmarkey crypto growth bring psychotic actor look predate vulnerable consumption problem modern age bitcoin transform way use energy incentivising save time educate
669,celebjet elonmusk interesting know energy consumption controversial tweet use twitter isp server
670,people fud bitcoin excess energy consumption lifecentric
671,rt violinall hour view tv terrestrial network energy consumption wh stream wh
672,rt digieconomist late research show ethereum merge reduce network energy consumption time fo
673,rt digieconomist late research show ethereum merge reduce network energy consumption time fo
674,usd + million dollar spend power consumption daily bitcoin network go look coin think bad spend energy consider turn heater winter disconnect security monitor etc etc
675,rt digieconomist late research show ethereum merge reduce network energy consumption time fo
676,rt hubermanlab caffeine give jitter mg theanine alongside actually approach energy drink
677,rt hubermanlab caffeine give jitter mg theanine alongside actually approach energy drink
678,hydrocarbon hemp process wide range biomass energy source fuel pellet liquid fuel gas development bio fuel significantly reduce consumption fossil fuel nuclear power legalise hemp marijuana hempsibangi
679,rt derbysyme nytime kill demand quick switch fossil fuel alternative aspect life transportation
680,hour view tv terrestrial network energy consumption wh stream wh
681,workadventurephaser
682,sawyermerritt go cost address seasonal fluctuation solar wind analysis base attached plot real datum caiso tell solar wind capacity kwh household year energy consumption socal need > powerwall < cur > m
683,rt apprenticexrp procoinnew btc < cur > meme high energy consumption token useless piece old tech
684,btc prop tether bust w energy consumption ban energy extensive crypto proof work d like know record layah hold < cur > xrp consider state ripple lose sec btc lose spot
685,layahheilpern btc prop tether bust energy consumption ban energy extensive crypto proof work d like know record hold < cur > xrp consider state ripple lose sec
686,rt hubermanlab caffeine give jitter mg theanine alongside actually approach energy drink
687,rt ecowarriorss uk bad open new coal plant bbc plan internet streaming tv tv viewing relatively low sou
688,rt hubermanlab caffeine give jitter mg theanine alongside actually approach energy drink
689,u s energy consumption fuel ac write task
690,tesla build energy product offering cover energy production solar product energy storage powerwall energy consumption electric vehicle perfect customer company product
691,rt thetradingengin rotor sail technology provide auxiliary propulsion ship renewable energy wind
692,gwingredient hello professional enterprise commit field heat exchange evaporation system energy saving environmental protection year believe equipment help reduce energy consumption improve production capacity + kitty
693,energy consumption good thing proof work
694,rt hubermanlab caffeine give jitter mg theanine alongside actually approach energy drink
695,hubermanlab mitenyo correlate relationship rise caffeine consumption coffee culture energy drink rise anxiety year factor
696,elonmusk senatorsinema goat stamina energy drink goat stamina innovative multi ingredient food supplement design gamer huge advantage goat stamina duration action hour consumption product contain sugar
697,actbrigitte goat stamina energy drink goat stamina innovative multi ingredient food supplement design gamer huge advantage goat stamina duration action hour consumption product contain sugar
698,hodgetwin anieborden goat stamina energy drink goat stamina innovative multi ingredient food supplement design gamer huge advantage goat stamina duration action hour consumption product contain sugar
699,rudygiuliani goat stamina energy drink goat stamina innovative multi ingredient food supplement design gamer huge advantage goat stamina duration action hour consumption product contain sugar
700,rt hubermanlab caffeine give jitter mg theanine alongside actually approach energy drink
701,skullscience pgdyne alanwilliamz happen resource end life versus happen fossil derive energy consume completely different class consumption good track record material like plastic potentially recyclable good nope
702,rt hubermanlab caffeine give jitter mg theanine alongside actually approach energy drink
703,croatian team unfair advantage consumption arabesque gold plate steak give energy boost brazil not compete brazilian team overconfident not croatian team seriously
704,cryptopylon proud announce new token bear casolcoin community token aim change energy consumption presale come soon saveearth website
705,btcpriceup proud announce new token bear casolcoin community token aim change energy consumption presale come soon saveearth website
706,justcanadian robcairns louisgeorgevonb jasonhickel x ^ = interesting primary energy consumption ~ hour solar radiation hit earth atmosphere coal oil natural gas ~ consumption
707,bnbtracker proud announce new token bear casolcoin community token aim change energy consumption presale come soon saveearth website
708,yuugiriawano proud announce new token bear casolcoin community token aim change energy consumption presale come soon saveearth website
709,coinok proud announce new token bear casolcoin community token aim change energy consumption presale come soon saveearth website
710,nowadays blockchain undergo significant upgrade example cut energy consumption consume energy future blockchain functionality low cost mainstream application
711,incorporate functional fitness regime increase quality life join coachmitushi fitindiaactivesunday saturday enhance movement efficiency increase muscle coordination develop postural strength control reduce energy consumption
712,rt hubermanlab caffeine give jitter mg theanine alongside actually approach energy drink
713,new bill demand bitcoin miner declare energy consumption
714,new bill demand bitcoin miner declare energy consumption
715,justcanadian robcairns louisgeorgevonb jasonhickel primary energy consumption twhr x ^ whr sec hr x ^ j primary consumption year
716,rt timmodise ministers eskom board member free generator home loadshedde stage unreal wonder
717,ankara expand gas pipeline long time domestic consumption aim energy hub transfer gas country energy turkey russia gas
718,rt hubermanlab caffeine give jitter mg theanine alongside actually approach energy drink
719,johnstossel action ask drive electric car climate activist work greener energy generation consumption reduce fly invest mass public transportation reduce meat consumption happen isolation
720,rt hubermanlab caffeine give jitter mg theanine alongside actually approach energy drink
721,stmiteva energy consumption loss precious time life think achieve
722,rt altcoindailyio people fud bitcoin energy consumption
723,rt arduino monitor energy consumption arduino iot cloud mkr wifi mkr shield modbus compatible
724,rt digieconomist late research show ethereum merge reduce network energy consumption time fo
725,total global energy consumption increase decade total global population increase period total global carbon emission energy use increase decade
726,prometheus bind s fly car s energy consumption fall henry adams curve exponential growth diminish return eco consciousness failure nerve world today s world tomorrow
727,new bill demand bitcoin miner declare energy consumption
728,rt hubermanlab caffeine give jitter mg theanine alongside actually approach energy drink
729,renewableenergy energy energyproduction america china electricity windenergy solarenergy hydroenergy renewables renewablepower russia germany africa india canada brazil europe asia oceania southamerica latam japan turkey norway
730,ai energy consumption compare crypto nft
731,rt garquake indias fuel consumption proxy oil demand rise year year november million tonne datum
732,skdh johnwfarrell energy avoid consumption break hyperbolic state dissipate field dark energy probably visible light spectrum shit ton black hole honest
733,skdh johnwfarrell good explanation gravity dark energy universe evolve conserve angular momentum look know universe high certainty avoid consumption
734,process bitcoin mining secure demand enormous computing power energy consumption user essentially burn money solve computational puzzle earn bitcoin pinetwork pipayment
735,theory rotate windturbine number resource depletion wrld require twh consumption synchronousturbine create use resourcedepletion country ultimately planet require total energy output
736,rt axios international energy agency project noticeable peak overall fossil fuel consumption decade na
737,rt remoteworkio remote work ultimate environmental policy reduce car traffic reduce business travel crowded publi
738,rt columbiauenergy india rank rd globally carbon emission having emit billion metric ton co country
739,elonmusk need slow economic activity lower energy consumption meet biden wef global energy debacle
740,rt digieconomist late research show ethereum merge reduce network energy consumption time fo
741,rt erewhonever fb friend apparently volunteer social credit shock troop police home heating choice energy con
742,stefaniebe leave light month hell energy consumption want feeling house key friend ask turn light go arrive long trip wait home
743,rt hubermanlab caffeine give jitter mg theanine alongside actually approach energy drink
744,rt ahq president pakistan dr arif alvi urge need bring attitudinal shift rapid consumption conservi
745,rt hubermanlab caffeine give jitter mg theanine alongside actually approach energy drink
746,rt hubermanlab caffeine give jitter mg theanine alongside actually approach energy drink
747,rt hubermanlab caffeine give jitter mg theanine alongside actually approach energy drink
748,rt hubermanlab caffeine give jitter mg theanine alongside actually approach energy drink
749,rt hubermanlab caffeine give jitter mg theanine alongside actually approach energy drink
750,rt hubermanlab caffeine give jitter mg theanine alongside actually approach energy drink
751,rt hubermanlab caffeine give jitter mg theanine alongside actually approach energy drink
752,fwcscocpisogln alexbrogan save here compile thread ai generate summary important technology trend apply artificial intelligence advance connectivity bioengineere clean energy mobility sustainable consumption web
753,angantyrfs interesting productivity continue rise decline energy consumption
754,rt hubermanlab caffeine give jitter mg theanine alongside actually approach energy drink
755,celebrate collapse coma induce sleep depravation extreme sugar crash excessive consumption energy drink critical stable condition > w >
756,rt hubermanlab caffeine give jitter mg theanine alongside actually approach energy drink
757,rt tdavidbank population rise change resource energy consumption provide solution climate b
758,rt hubermanlab caffeine give jitter mg theanine alongside actually approach energy drink
759,rt judgeyourself weather currently freeze advert tell reduce energy consumption reduce pri
760,rt altcoindailyio people fud bitcoin energy consumption
761,rt hubermanlab caffeine give jitter mg theanine alongside actually approach energy drink
762,rt ecowarriorss bbc desire end traditional terrestrial tv replace internet streaming video fuel carbon emissio
763,rt violinall hour view tv terrestrial network energy consumption wh stream wh
764,rt yanqinyq analysis china energy demand outlook researcher state grid estimate energy consumption +
765,rt ericssonapac explore work jointly singtel deploy singapore energy efficient radio cell
766,rt coveringclimate antonioguterre large tech company make climate crisis bad massive energy consumption
767,rt crccnews triptogreen sino german eco city exhibition hall zero energy consumption building tianjin rely o
768,rephuffman senmarkey crypto growth bring psychotic actor look predate vulnerable consumption problem modern age bitcoin transform way use energy incentivising save time educate
769,celebjet elonmusk interesting know energy consumption controversial tweet use twitter isp server
770,people fud bitcoin excess energy consumption lifecentric
771,rt violinall hour view tv terrestrial network energy consumption wh stream wh
772,rt digieconomist late research show ethereum merge reduce network energy consumption time fo
773,rt digieconomist late research show ethereum merge reduce network energy consumption time fo
774,usd + million dollar spend power consumption daily bitcoin network go look coin think bad spend energy consider turn heater winter disconnect security monitor etc etc
775,rt digieconomist late research show ethereum merge reduce network energy consumption time fo
776,rt hubermanlab caffeine give jitter mg theanine alongside actually approach energy drink
777,rt hubermanlab caffeine give jitter mg theanine alongside actually approach energy drink
778,hydrocarbon hemp process wide range biomass energy source fuel pellet liquid fuel gas development bio fuel significantly reduce consumption fossil fuel nuclear power legalise hemp marijuana hempsibangi
779,rt derbysyme nytime kill demand quick switch fossil fuel alternative aspect life transportation
780,hour view tv terrestrial network energy consumption wh stream wh
781,workadventurephaser
782,sawyermerritt go cost address seasonal fluctuation solar wind analysis base attached plot real datum caiso tell solar wind capacity kwh household year energy consumption socal need > powerwall < cur > m
783,rt apprenticexrp procoinnew btc < cur > meme high energy consumption token useless piece old tech
784,btc prop tether bust w energy consumption ban energy extensive crypto proof work d like know record layah hold < cur > xrp consider state ripple lose sec btc lose spot
785,layahheilpern btc prop tether bust energy consumption ban energy extensive crypto proof work d like know record hold < cur > xrp consider state ripple lose sec
786,rt hubermanlab caffeine give jitter mg theanine alongside actually approach energy drink
787,rt ecowarriorss uk bad open new coal plant bbc plan internet streaming tv tv viewing relatively low sou
788,rt hubermanlab caffeine give jitter mg theanine alongside actually approach energy drink
789,u s energy consumption fuel ac write task
790,tesla build energy product offering cover energy production solar product energy storage powerwall energy consumption electric vehicle perfect customer company product
791,rt thetradingengin rotor sail technology provide auxiliary propulsion ship renewable energy wind
792,gwingredient hello professional enterprise commit field heat exchange evaporation system energy saving environmental protection year believe equipment help reduce energy consumption improve production capacity + kitty
793,energy consumption good thing proof work
794,rt hubermanlab caffeine give jitter mg theanine alongside actually approach energy drink
795,hubermanlab mitenyo correlate relationship rise caffeine consumption coffee culture energy drink rise anxiety year factor
796,elonmusk senatorsinema goat stamina energy drink goat stamina innovative multi ingredient food supplement design gamer huge advantage goat stamina duration action hour consumption product contain sugar
797,actbrigitte goat stamina energy drink goat stamina innovative multi ingredient food supplement design gamer huge advantage goat stamina duration action hour consumption product contain sugar
798,hodgetwin anieborden goat stamina energy drink goat stamina innovative multi ingredient food supplement design gamer huge advantage goat stamina duration action hour consumption product contain sugar
799,rudygiuliani goat stamina energy drink goat stamina innovative multi ingredient food supplement design gamer huge advantage goat stamina duration action hour consumption product contain sugar
