,text
0,Early December. Woke up to find that global warming had frozen the bird bath solidüßä‚Ä¶and Jack Frost had painted climate change all over the rooftops‚ùÑÔ∏è
1,Where is global warming when you need it?
2,"RT @Tony40335450: @zarahsultana Global Warming? Northern Hemisphere Snow Cover At 56-Year High.

Most mainstream media outlets overlooked t‚Ä¶"
3,"@sillyrob7200 @atomic_viking @PeterSweden7 So no, no solutions to global warming. Invented concept of supply and demand? Hmmm so math is definitely not your strong suit. And no not at all scrambling just an interesting conversation."
4,"RT @latimeralder: The frost has barely lifted at all in parts of Latimer Magna  today.

It's clear we have Defeated Global Warming!

Can we‚Ä¶"
5,Report says Qatar‚Äôs increase in gas production could lead to catastrophic global warming https://t.co/bn7bqIIrPC
6,"@AndroidPharaoh @nubia_watu @AgatanahiUktena @ZuluX11 @VAMPYREANGELS üí®üò≥ü´¢What if civilizations like this are why them folks deny global warming is a thing to fix? They have always tried to destroy Melanated people on landü§≤üèæ 
Why not the Sea?
Global warming has caused an increase in the occurrence &amp; intensity of storms.ü§≤üèæ
It tracks, to me.ü§îü§∑üèæ‚Äç‚ôÄÔ∏è"
7,"The frost has barely lifted at all in parts of Latimer Magna  today.

It's clear we have Defeated Global Warming!

Can we now drop the eco bunkum and witchcraft and go back to normal life as the rest of the world have already done?"
8,"RT @TechTreesCoin: #TechTrees is not just an idea, project or product, it is a promise that founder had made to planet earth. 

A promise t‚Ä¶"
10,did you know that global warming needs proper care
12,"RT @CampanaleMark: 'Catastrophic' warming feared over O&amp;G firms production plans. Contrary to Paris Agreement to reduce warming to 1.5C, fo‚Ä¶"
13,@disclosetv Global warming doesn‚Äôt exist
14,#Global_Warming I make a promise to the #Echo_warriors when they stop breathing I will stop driving!
15,"RT @VictoriaGrishe1: They have also created the global warming scam to cover up the truth of the coming polar shift.
The coming polar shift‚Ä¶"
16,@omotforest That's global warming for you.
17,"RT @TechTreesCoin: #TechTrees is not just an idea, project or product, it is a promise that founder had made to planet earth. 

A promise t‚Ä¶"
18,"@ArtyomLukin So many m¬≥ of gas burnt for nothing, boosting global warming for fun. Yes you should be proud"
19,So I guess we are all just going to ignore the very obvious and scary signs of global warming.
21,"@POTUS C'mon, man.  The vaccine (which Dems warned against, for fear of Trump getting credit) was barely out then.  That's like saying you're beating global warming when winter rolls around."
22,"RT @TonyClimate: The press says the signs of global warming are everywhere (floods/droughts) and anyone who disagrees is corrupt.  

Fifty‚Ä¶"
23,"RT @CarbonBrief: üêª‚Äç‚ùÑÔ∏èA polar bear stranded on melting sea ice is often used as a symbol of global warming.

But what does the science say?‚Ä¶"
24,What if we just laminated the paper straws? Boom global warming solved
25,global warming effect üò¨ https://t.co/WZAlpQYSft
26,"RT @TonyClimate: The press says the signs of global warming are everywhere (floods/droughts) and anyone who disagrees is corrupt.  

Fifty‚Ä¶"
27,"Record snow in Anchorage Alaska, where Global Warming continues to ravage the state ü§£ @CNN @FoxNews @JoeNBC @ABC @CBSNews @nypost @nytimes @washingtonpost"
29,"RT @Tony40335450: @SkyNews Global Warming? Northern Hemisphere Snow Cover At 56-Year High.

Most mainstream media outlets overlooked this d‚Ä¶"
30,"RT @Tony40335450: @BernieSpofforth @joseyrobins Global Warming? Northern Hemisphere Snow Cover At 56-Year High.

Most mainstream media outl‚Ä¶"
32,"RT @TonyClimate: The press says the signs of global warming are everywhere (floods/droughts) and anyone who disagrees is corrupt.  

Fifty‚Ä¶"
33,"Get up soldier. Given the scale of issues like global warming and epidemic disease, we shouldn't underestimate the importance of a can-do attitude to science rather than a can't-afford-it attitude. now shoo."
34,"Biggest terrorists and enemies of The Humanity... Responsible for Economic crisis in 2008, Covid pandemic and Global warming hoax.
Larry Fink, Klaus Scwab and Rothschild Family‚ö°Ô∏è‚ö°Ô∏è‚ö°Ô∏è
You are fired! Immediately and there will not be any global agenda to control population! https://t.co/QIuRIjvZeM"
35,Are you even paying attention?! I suppose you believe in 'Global Warming' also?
36,Anchorage season snowiest December and two decades there is no global warming people it is a lie the biggest Democratic Cash Cow out there quit believing in this global warming b******* it is truly a lie
37,@RudyGiuliani @elonmusk Your hair melts like the ice bergs thanks to global warming‚Ä¶
38,@nftbadger Proof of global warming
39,RT @GalSonic: It‚Äôs supposed to be snowing but instead it‚Äôs raining. CURSE YOU GLOBAL WARMING!!!!
40,"RT @PeterDClack: Earth has been warmer than today for 65% of the last 11,000 years. This scientific fact alone destroys the basis for the U‚Ä¶"
41,"RT @climatesavemvmt: Animal agriculture contributes 32% of global #methane emissions. Methane, with a warming potential 84 times that of #c‚Ä¶"
42,@estherk_k Global warming!!
43,"Venus, planet of love was destroyed by global warming.... Did its people want too much too?"
44,RT @ACCIONA_EN: Climate change denial has gone from rejecting scientific evidence to dodging taking urgent measures to halt global warming‚Ä¶
45,"#42 - Valentina Zharkova: ‚Äúin next 30 yrs, global warming prob. will be ... https://t.co/1yrNL6VqqN via @YouTube"
46,"Is Earth losing or gaing ""net water""...?!

Who is onboard for creating ""You've Been Clownedü§°-üåéWorld's"" largest water distillery just by setting the whole thing ablazeüî•üî•üî•...?!

How's that for global warming You chuckle-fuqs?!üê∏ https://t.co/iGg3R19rvw"
48,"I was the woman‚Äôs card, and openly destroying Baltimore. If I fully understand why her right now, we need global warming!"
49,@donna_zimmerman @leezeldin Global warming is a scam.
50,"@AnnieJo80051383 @GreenpeaceUK Global warming and cooling is natural ,so are ice ages ,so are volcanos so are mass solar ejections, so are earth axis shift  so are magnetic polarity switches ."
51,"@jazzsax1962 @tan123 You know we're currently in a three year La Ni√±a event, right? You probably also know droughts are typical during La Ni√±a events. Why jump to the conclusion droughts are caused by CO2? Maybe it's not about global warming after all. https://t.co/GxrZdvZCYI"
53,"@tmprowell @carlzimmer kind of like they had global warming back then but with no fossil fuels, guess they used electric cars."
54,"RT @TechTreesCoin: #TechTrees is not just an idea, project or product, it is a promise that founder had made to planet earth. 

A promise t‚Ä¶"
55,RT @cleanaircatf: We have the technology to cut methane emissions. Global leaders need to take action now to prevent further damage from gl‚Ä¶
56,"@silentkil_er Global warming will get most of us eventually, just give it time..."
57,"RT @MatthewWielicki: Check out this debate and let me know who you think wins. #Climate

https://t.co/lhXtYYtlPE"
58,RT @Wokko79: Where‚Äôs this fucking global warming they go on about? Out walking the dog and it‚Äôs freezing.
59,"@JacquelynGill kind of like they had global warming back then but with no fossil fuels, guess they used electric cars."
60,"@NHM_London kind of like they had global warming back then but with no fossil fuels, guess they used electric cars."
61,"@nukestrat kind of like they had global warming back then but with no fossil fuels, guess they used electric cars."
62,"@shoba_31 They call it climate change now rather than global warming so they can apply it to any weather and justify their zero carbon agenda

They think we don‚Äôt see through their lies Shoba"
63,"@AltcoinDailyio For those who do not believe climate charts of global warming, you also don't believe the Bitcoin charts of up down, up down, now just down down, and try to cash out while you still can."
64,@hinaparvezbutt I am more concerned about trees converted into wood bed and then how the bed made from a tree cause global warming.i do understand your side of opinion too but watches are no big deal mate.
65,"RT @IISD_Energy: ‚ö†Ô∏è Is your government still pushing for oil &amp; gas?

The üåè is already feeling the impacts of #ClimateChange &amp; developing an‚Ä¶"
66,"@Rob_Ruadh2 I have been perusing the style guide - here are phrases that are mandatory ""weather events"" ""extreme weather events"" ""rain bombs"" ""climate change-induced"" ""climate emergency"" ""global warming catastrophe"" - all these should be included in a story about a moderately sunny morning"
67,@SkyNews @MaizyDaizyZzzz Is that how we get  global warming then? üò≥üò≥üòÇüòÇ @Jaguar
68,"RT @TechTreesCoin: #TechTrees is not just an idea, project or product, it is a promise that founder had made to planet earth. 

A promise t‚Ä¶"
69,"RT @PlumberAlberta: @MelissaMbarki It‚Äôs a balmy zero in Calgary. Minus 22 last night, wake up to zero this morning. I love chinooks ‚ù§Ô∏è‚ù§Ô∏è or‚Ä¶"
70,It's damn hot. Must be global warming. #ClimateEmergency == FALSE
71,RT @RealGemmaOD: Both runways at Munich Airport closed this morning because climate ‚Äòheroes‚Äô have glued themselves to the tarmac. Meanwhile‚Ä¶
73,"RT @CarbonBrief: üêª‚Äç‚ùÑÔ∏èA polar bear stranded on melting sea ice is often used as a symbol of global warming.

But what does the science say?‚Ä¶"
74,"RT @AmbQinGang: Speaking at the @USChinaBusiness Gala 2022. As the world‚Äôs top two economies, China and the US need &amp; can cooperate in more‚Ä¶"
75,"RT @PeterDClack: Earth has been warmer than today for 65% of the last 11,000 years. This scientific fact alone destroys the basis for the U‚Ä¶"
76,@farketmemiz The best part about Global Warming is that it allows progressives who would like to ditch the ideas of nations altogether to politically agitate for their cause through national politics while providing no social benefit whatsoever.
77,"RT @AmbQinGang: Speaking at the @USChinaBusiness Gala 2022. As the world‚Äôs top two economies, China and the US need &amp; can cooperate in more‚Ä¶"
79,"RT @TechTreesCoin: #TechTrees is not just an idea, project or product, it is a promise that founder had made to planet earth. 

A promise t‚Ä¶"
80,"RT @Thileeban_R: #savesoil 
Our health issues, nutrition depletion in our food, immunity deficiencies, global warming, water &amp; food scarcit‚Ä¶"
81,"RT @constantin_t: üíé ‚ÄúNo one has ever shown that human emissions of #CO2 drives global warming!‚Äù - Australian Geologist, Professor #IanPlime‚Ä¶"
82,"RT @MatthewWielicki: Check out this debate and let me know who you think wins. #Climate

https://t.co/lhXtYYtlPE"
83,"RT @PeterOB24979769: @Road_Closed1984 I'll bet it melted quickly.
Global warming and all that."
84,RT @Outreachjoe: @toryboypierce @michaelgove @Kevin_Maguire Not sure Tufton Street can agree on key messages. How many jobs? We could end g‚Ä¶
85,"RT @Arron_banks: The global warming going a treat today, I‚Äôm Christmas shopping in London and bought a new &amp; lingwood scarf üß£ to keep warm.‚Ä¶"
86,RT @thefloatie: this clip single handedly stopped global warming dont question the logic it just did  https://t.co/ufEoNRPaBj
87,"What's gucci. If each one of us does our bit, we will be helping to keep global warming from harming our countries. It's so simple,"
88,"Hunter Biden‚Äôs dick pics prove he‚Äôs responsible for global warming, right?"
89,@LayahHeilpern Global warming üòâ
90,RT @RealGemmaOD: Oxfordshire County Council has approved plans to lock residents into specific zones to ‚Äòsave the planet‚Äô from global warmi‚Ä¶
91,@ClownWorld_ That much food can easily feed 3 families in any normal place. She's alone contributing to global warming with her lifestyle. This is sick. All these obese people are evil and don't care about mother earth.
92,"RT @TonyClimate: The press says the signs of global warming are everywhere (floods/droughts) and anyone who disagrees is corrupt.  

Fifty‚Ä¶"
93,"RT @constantin_t: üíé ‚ÄúNo one has ever shown that human emissions of #CO2 drives global warming!‚Äù - Australian Geologist, Professor #IanPlime‚Ä¶"
94,RT @BurnsideNotTosh: I preferred it before global warming when the winters were warmer.
95,Cant have global warming with a bitch this cold
96,"RT @Tony40335450: Global Warming? Northern Hemisphere Snow Cover At 56-Year High.

Most mainstream media outlets overlooked this data becau‚Ä¶"
97,"@VargasMilan1 yes it clicks through. I understand the point. half-hearted measures never help. but global warming and lots of other consumerism-related issues already affect many, mostly poorer countries. every day. and eco systems. &gt;&gt;"
98,Meropis Vu -- Icebound planet -- Tribal life forms detected -- Colony viability: 44% -- Catastrophic global warming https://t.co/jqfJCO7ePi
99,"@ChidiNwobodo1 @YarKafanchan And not just any kind of coal, Enugu‚Äôs one of the best with the lowest sulphur content. These Western countries are just hypocrites. UK, under pressure is now resorting to coal, but African countries cannot power their economy with them due to global warming"
100,Early December. Woke up to find that global warming had frozen the bird bath solidüßä‚Ä¶and Jack Frost had painted climate change all over the rooftops‚ùÑÔ∏è
101,Where is global warming when you need it?
102,"RT @Tony40335450: @zarahsultana Global Warming? Northern Hemisphere Snow Cover At 56-Year High.

Most mainstream media outlets overlooked t‚Ä¶"
103,"@sillyrob7200 @atomic_viking @PeterSweden7 So no, no solutions to global warming. Invented concept of supply and demand? Hmmm so math is definitely not your strong suit. And no not at all scrambling just an interesting conversation."
104,"RT @latimeralder: The frost has barely lifted at all in parts of Latimer Magna  today.

It's clear we have Defeated Global Warming!

Can we‚Ä¶"
105,Report says Qatar‚Äôs increase in gas production could lead to catastrophic global warming https://t.co/bn7bqIIrPC
106,"@AndroidPharaoh @nubia_watu @AgatanahiUktena @ZuluX11 @VAMPYREANGELS üí®üò≥ü´¢What if civilizations like this are why them folks deny global warming is a thing to fix? They have always tried to destroy Melanated people on landü§≤üèæ 
Why not the Sea?
Global warming has caused an increase in the occurrence &amp; intensity of storms.ü§≤üèæ
It tracks, to me.ü§îü§∑üèæ‚Äç‚ôÄÔ∏è"
107,"The frost has barely lifted at all in parts of Latimer Magna  today.

It's clear we have Defeated Global Warming!

Can we now drop the eco bunkum and witchcraft and go back to normal life as the rest of the world have already done?"
108,"RT @TechTreesCoin: #TechTrees is not just an idea, project or product, it is a promise that founder had made to planet earth. 

A promise t‚Ä¶"
110,did you know that global warming needs proper care
112,"RT @CampanaleMark: 'Catastrophic' warming feared over O&amp;G firms production plans. Contrary to Paris Agreement to reduce warming to 1.5C, fo‚Ä¶"
113,@disclosetv Global warming doesn‚Äôt exist
114,#Global_Warming I make a promise to the #Echo_warriors when they stop breathing I will stop driving!
115,"RT @VictoriaGrishe1: They have also created the global warming scam to cover up the truth of the coming polar shift.
The coming polar shift‚Ä¶"
116,@omotforest That's global warming for you.
117,"RT @TechTreesCoin: #TechTrees is not just an idea, project or product, it is a promise that founder had made to planet earth. 

A promise t‚Ä¶"
118,"@ArtyomLukin So many m¬≥ of gas burnt for nothing, boosting global warming for fun. Yes you should be proud"
119,So I guess we are all just going to ignore the very obvious and scary signs of global warming.
121,"@POTUS C'mon, man.  The vaccine (which Dems warned against, for fear of Trump getting credit) was barely out then.  That's like saying you're beating global warming when winter rolls around."
122,"RT @TonyClimate: The press says the signs of global warming are everywhere (floods/droughts) and anyone who disagrees is corrupt.  

Fifty‚Ä¶"
123,"RT @CarbonBrief: üêª‚Äç‚ùÑÔ∏èA polar bear stranded on melting sea ice is often used as a symbol of global warming.

But what does the science say?‚Ä¶"
124,What if we just laminated the paper straws? Boom global warming solved
125,global warming effect üò¨ https://t.co/WZAlpQYSft
126,"RT @TonyClimate: The press says the signs of global warming are everywhere (floods/droughts) and anyone who disagrees is corrupt.  

Fifty‚Ä¶"
127,"Record snow in Anchorage Alaska, where Global Warming continues to ravage the state ü§£ @CNN @FoxNews @JoeNBC @ABC @CBSNews @nypost @nytimes @washingtonpost"
129,"RT @Tony40335450: @SkyNews Global Warming? Northern Hemisphere Snow Cover At 56-Year High.

Most mainstream media outlets overlooked this d‚Ä¶"
130,"RT @Tony40335450: @BernieSpofforth @joseyrobins Global Warming? Northern Hemisphere Snow Cover At 56-Year High.

Most mainstream media outl‚Ä¶"
132,"RT @TonyClimate: The press says the signs of global warming are everywhere (floods/droughts) and anyone who disagrees is corrupt.  

Fifty‚Ä¶"
133,"Get up soldier. Given the scale of issues like global warming and epidemic disease, we shouldn't underestimate the importance of a can-do attitude to science rather than a can't-afford-it attitude. now shoo."
134,"Biggest terrorists and enemies of The Humanity... Responsible for Economic crisis in 2008, Covid pandemic and Global warming hoax.
Larry Fink, Klaus Scwab and Rothschild Family‚ö°Ô∏è‚ö°Ô∏è‚ö°Ô∏è
You are fired! Immediately and there will not be any global agenda to control population! https://t.co/QIuRIjvZeM"
135,Are you even paying attention?! I suppose you believe in 'Global Warming' also?
136,Anchorage season snowiest December and two decades there is no global warming people it is a lie the biggest Democratic Cash Cow out there quit believing in this global warming b******* it is truly a lie
137,@RudyGiuliani @elonmusk Your hair melts like the ice bergs thanks to global warming‚Ä¶
138,@nftbadger Proof of global warming
139,RT @GalSonic: It‚Äôs supposed to be snowing but instead it‚Äôs raining. CURSE YOU GLOBAL WARMING!!!!
140,"RT @PeterDClack: Earth has been warmer than today for 65% of the last 11,000 years. This scientific fact alone destroys the basis for the U‚Ä¶"
141,"RT @climatesavemvmt: Animal agriculture contributes 32% of global #methane emissions. Methane, with a warming potential 84 times that of #c‚Ä¶"
142,@estherk_k Global warming!!
143,"Venus, planet of love was destroyed by global warming.... Did its people want too much too?"
144,RT @ACCIONA_EN: Climate change denial has gone from rejecting scientific evidence to dodging taking urgent measures to halt global warming‚Ä¶
145,"#42 - Valentina Zharkova: ‚Äúin next 30 yrs, global warming prob. will be ... https://t.co/1yrNL6VqqN via @YouTube"
146,"Is Earth losing or gaing ""net water""...?!

Who is onboard for creating ""You've Been Clownedü§°-üåéWorld's"" largest water distillery just by setting the whole thing ablazeüî•üî•üî•...?!

How's that for global warming You chuckle-fuqs?!üê∏ https://t.co/iGg3R19rvw"
148,"I was the woman‚Äôs card, and openly destroying Baltimore. If I fully understand why her right now, we need global warming!"
149,@donna_zimmerman @leezeldin Global warming is a scam.
150,"@AnnieJo80051383 @GreenpeaceUK Global warming and cooling is natural ,so are ice ages ,so are volcanos so are mass solar ejections, so are earth axis shift  so are magnetic polarity switches ."
151,"@jazzsax1962 @tan123 You know we're currently in a three year La Ni√±a event, right? You probably also know droughts are typical during La Ni√±a events. Why jump to the conclusion droughts are caused by CO2? Maybe it's not about global warming after all. https://t.co/GxrZdvZCYI"
153,"@tmprowell @carlzimmer kind of like they had global warming back then but with no fossil fuels, guess they used electric cars."
154,"RT @TechTreesCoin: #TechTrees is not just an idea, project or product, it is a promise that founder had made to planet earth. 

A promise t‚Ä¶"
155,RT @cleanaircatf: We have the technology to cut methane emissions. Global leaders need to take action now to prevent further damage from gl‚Ä¶
156,"@silentkil_er Global warming will get most of us eventually, just give it time..."
157,"RT @MatthewWielicki: Check out this debate and let me know who you think wins. #Climate

https://t.co/lhXtYYtlPE"
158,RT @Wokko79: Where‚Äôs this fucking global warming they go on about? Out walking the dog and it‚Äôs freezing.
159,"@JacquelynGill kind of like they had global warming back then but with no fossil fuels, guess they used electric cars."
160,"@NHM_London kind of like they had global warming back then but with no fossil fuels, guess they used electric cars."
161,"@nukestrat kind of like they had global warming back then but with no fossil fuels, guess they used electric cars."
162,"@shoba_31 They call it climate change now rather than global warming so they can apply it to any weather and justify their zero carbon agenda

They think we don‚Äôt see through their lies Shoba"
163,"@AltcoinDailyio For those who do not believe climate charts of global warming, you also don't believe the Bitcoin charts of up down, up down, now just down down, and try to cash out while you still can."
164,@hinaparvezbutt I am more concerned about trees converted into wood bed and then how the bed made from a tree cause global warming.i do understand your side of opinion too but watches are no big deal mate.
165,"RT @IISD_Energy: ‚ö†Ô∏è Is your government still pushing for oil &amp; gas?

The üåè is already feeling the impacts of #ClimateChange &amp; developing an‚Ä¶"
166,"@Rob_Ruadh2 I have been perusing the style guide - here are phrases that are mandatory ""weather events"" ""extreme weather events"" ""rain bombs"" ""climate change-induced"" ""climate emergency"" ""global warming catastrophe"" - all these should be included in a story about a moderately sunny morning"
167,@SkyNews @MaizyDaizyZzzz Is that how we get  global warming then? üò≥üò≥üòÇüòÇ @Jaguar
168,"RT @TechTreesCoin: #TechTrees is not just an idea, project or product, it is a promise that founder had made to planet earth. 

A promise t‚Ä¶"
169,"RT @PlumberAlberta: @MelissaMbarki It‚Äôs a balmy zero in Calgary. Minus 22 last night, wake up to zero this morning. I love chinooks ‚ù§Ô∏è‚ù§Ô∏è or‚Ä¶"
170,It's damn hot. Must be global warming. #ClimateEmergency == FALSE
171,RT @RealGemmaOD: Both runways at Munich Airport closed this morning because climate ‚Äòheroes‚Äô have glued themselves to the tarmac. Meanwhile‚Ä¶
173,"RT @CarbonBrief: üêª‚Äç‚ùÑÔ∏èA polar bear stranded on melting sea ice is often used as a symbol of global warming.

But what does the science say?‚Ä¶"
174,"RT @AmbQinGang: Speaking at the @USChinaBusiness Gala 2022. As the world‚Äôs top two economies, China and the US need &amp; can cooperate in more‚Ä¶"
175,"RT @PeterDClack: Earth has been warmer than today for 65% of the last 11,000 years. This scientific fact alone destroys the basis for the U‚Ä¶"
176,@farketmemiz The best part about Global Warming is that it allows progressives who would like to ditch the ideas of nations altogether to politically agitate for their cause through national politics while providing no social benefit whatsoever.
177,"RT @AmbQinGang: Speaking at the @USChinaBusiness Gala 2022. As the world‚Äôs top two economies, China and the US need &amp; can cooperate in more‚Ä¶"
179,"RT @TechTreesCoin: #TechTrees is not just an idea, project or product, it is a promise that founder had made to planet earth. 

A promise t‚Ä¶"
180,"RT @Thileeban_R: #savesoil 
Our health issues, nutrition depletion in our food, immunity deficiencies, global warming, water &amp; food scarcit‚Ä¶"
181,"RT @constantin_t: üíé ‚ÄúNo one has ever shown that human emissions of #CO2 drives global warming!‚Äù - Australian Geologist, Professor #IanPlime‚Ä¶"
182,"RT @MatthewWielicki: Check out this debate and let me know who you think wins. #Climate

https://t.co/lhXtYYtlPE"
183,"RT @PeterOB24979769: @Road_Closed1984 I'll bet it melted quickly.
Global warming and all that."
184,RT @Outreachjoe: @toryboypierce @michaelgove @Kevin_Maguire Not sure Tufton Street can agree on key messages. How many jobs? We could end g‚Ä¶
185,"RT @Arron_banks: The global warming going a treat today, I‚Äôm Christmas shopping in London and bought a new &amp; lingwood scarf üß£ to keep warm.‚Ä¶"
186,RT @thefloatie: this clip single handedly stopped global warming dont question the logic it just did  https://t.co/ufEoNRPaBj
187,"What's gucci. If each one of us does our bit, we will be helping to keep global warming from harming our countries. It's so simple,"
188,"Hunter Biden‚Äôs dick pics prove he‚Äôs responsible for global warming, right?"
189,@LayahHeilpern Global warming üòâ
190,RT @RealGemmaOD: Oxfordshire County Council has approved plans to lock residents into specific zones to ‚Äòsave the planet‚Äô from global warmi‚Ä¶
191,@ClownWorld_ That much food can easily feed 3 families in any normal place. She's alone contributing to global warming with her lifestyle. This is sick. All these obese people are evil and don't care about mother earth.
192,"RT @TonyClimate: The press says the signs of global warming are everywhere (floods/droughts) and anyone who disagrees is corrupt.  

Fifty‚Ä¶"
193,"RT @constantin_t: üíé ‚ÄúNo one has ever shown that human emissions of #CO2 drives global warming!‚Äù - Australian Geologist, Professor #IanPlime‚Ä¶"
194,RT @BurnsideNotTosh: I preferred it before global warming when the winters were warmer.
195,Cant have global warming with a bitch this cold
196,"RT @Tony40335450: Global Warming? Northern Hemisphere Snow Cover At 56-Year High.

Most mainstream media outlets overlooked this data becau‚Ä¶"
197,"@VargasMilan1 yes it clicks through. I understand the point. half-hearted measures never help. but global warming and lots of other consumerism-related issues already affect many, mostly poorer countries. every day. and eco systems. &gt;&gt;"
198,Meropis Vu -- Icebound planet -- Tribal life forms detected -- Colony viability: 44% -- Catastrophic global warming https://t.co/jqfJCO7ePi
199,"@ChidiNwobodo1 @YarKafanchan And not just any kind of coal, Enugu‚Äôs one of the best with the lowest sulphur content. These Western countries are just hypocrites. UK, under pressure is now resorting to coal, but African countries cannot power their economy with them due to global warming"
200,Early December. Woke up to find that global warming had frozen the bird bath solidüßä‚Ä¶and Jack Frost had painted climate change all over the rooftops‚ùÑÔ∏è
201,Where is global warming when you need it?
202,"RT @Tony40335450: @zarahsultana Global Warming? Northern Hemisphere Snow Cover At 56-Year High.

Most mainstream media outlets overlooked t‚Ä¶"
203,"@sillyrob7200 @atomic_viking @PeterSweden7 So no, no solutions to global warming. Invented concept of supply and demand? Hmmm so math is definitely not your strong suit. And no not at all scrambling just an interesting conversation."
204,"RT @latimeralder: The frost has barely lifted at all in parts of Latimer Magna  today.

It's clear we have Defeated Global Warming!

Can we‚Ä¶"
205,Report says Qatar‚Äôs increase in gas production could lead to catastrophic global warming https://t.co/bn7bqIIrPC
206,"@AndroidPharaoh @nubia_watu @AgatanahiUktena @ZuluX11 @VAMPYREANGELS üí®üò≥ü´¢What if civilizations like this are why them folks deny global warming is a thing to fix? They have always tried to destroy Melanated people on landü§≤üèæ 
Why not the Sea?
Global warming has caused an increase in the occurrence &amp; intensity of storms.ü§≤üèæ
It tracks, to me.ü§îü§∑üèæ‚Äç‚ôÄÔ∏è"
207,"The frost has barely lifted at all in parts of Latimer Magna  today.

It's clear we have Defeated Global Warming!

Can we now drop the eco bunkum and witchcraft and go back to normal life as the rest of the world have already done?"
208,"RT @TechTreesCoin: #TechTrees is not just an idea, project or product, it is a promise that founder had made to planet earth. 

A promise t‚Ä¶"
210,did you know that global warming needs proper care
212,"RT @CampanaleMark: 'Catastrophic' warming feared over O&amp;G firms production plans. Contrary to Paris Agreement to reduce warming to 1.5C, fo‚Ä¶"
213,@disclosetv Global warming doesn‚Äôt exist
214,#Global_Warming I make a promise to the #Echo_warriors when they stop breathing I will stop driving!
215,"RT @VictoriaGrishe1: They have also created the global warming scam to cover up the truth of the coming polar shift.
The coming polar shift‚Ä¶"
216,@omotforest That's global warming for you.
217,"RT @TechTreesCoin: #TechTrees is not just an idea, project or product, it is a promise that founder had made to planet earth. 

A promise t‚Ä¶"
218,"@ArtyomLukin So many m¬≥ of gas burnt for nothing, boosting global warming for fun. Yes you should be proud"
219,So I guess we are all just going to ignore the very obvious and scary signs of global warming.
221,"@POTUS C'mon, man.  The vaccine (which Dems warned against, for fear of Trump getting credit) was barely out then.  That's like saying you're beating global warming when winter rolls around."
222,"RT @TonyClimate: The press says the signs of global warming are everywhere (floods/droughts) and anyone who disagrees is corrupt.  

Fifty‚Ä¶"
223,"RT @CarbonBrief: üêª‚Äç‚ùÑÔ∏èA polar bear stranded on melting sea ice is often used as a symbol of global warming.

But what does the science say?‚Ä¶"
224,What if we just laminated the paper straws? Boom global warming solved
225,global warming effect üò¨ https://t.co/WZAlpQYSft
226,"RT @TonyClimate: The press says the signs of global warming are everywhere (floods/droughts) and anyone who disagrees is corrupt.  

Fifty‚Ä¶"
227,"Record snow in Anchorage Alaska, where Global Warming continues to ravage the state ü§£ @CNN @FoxNews @JoeNBC @ABC @CBSNews @nypost @nytimes @washingtonpost"
229,"RT @Tony40335450: @SkyNews Global Warming? Northern Hemisphere Snow Cover At 56-Year High.

Most mainstream media outlets overlooked this d‚Ä¶"
230,"RT @Tony40335450: @BernieSpofforth @joseyrobins Global Warming? Northern Hemisphere Snow Cover At 56-Year High.

Most mainstream media outl‚Ä¶"
232,"RT @TonyClimate: The press says the signs of global warming are everywhere (floods/droughts) and anyone who disagrees is corrupt.  

Fifty‚Ä¶"
233,"Get up soldier. Given the scale of issues like global warming and epidemic disease, we shouldn't underestimate the importance of a can-do attitude to science rather than a can't-afford-it attitude. now shoo."
234,"Biggest terrorists and enemies of The Humanity... Responsible for Economic crisis in 2008, Covid pandemic and Global warming hoax.
Larry Fink, Klaus Scwab and Rothschild Family‚ö°Ô∏è‚ö°Ô∏è‚ö°Ô∏è
You are fired! Immediately and there will not be any global agenda to control population! https://t.co/QIuRIjvZeM"
235,Are you even paying attention?! I suppose you believe in 'Global Warming' also?
236,Anchorage season snowiest December and two decades there is no global warming people it is a lie the biggest Democratic Cash Cow out there quit believing in this global warming b******* it is truly a lie
237,@RudyGiuliani @elonmusk Your hair melts like the ice bergs thanks to global warming‚Ä¶
238,@nftbadger Proof of global warming
239,RT @GalSonic: It‚Äôs supposed to be snowing but instead it‚Äôs raining. CURSE YOU GLOBAL WARMING!!!!
240,"RT @PeterDClack: Earth has been warmer than today for 65% of the last 11,000 years. This scientific fact alone destroys the basis for the U‚Ä¶"
241,"RT @climatesavemvmt: Animal agriculture contributes 32% of global #methane emissions. Methane, with a warming potential 84 times that of #c‚Ä¶"
242,@estherk_k Global warming!!
243,"Venus, planet of love was destroyed by global warming.... Did its people want too much too?"
244,RT @ACCIONA_EN: Climate change denial has gone from rejecting scientific evidence to dodging taking urgent measures to halt global warming‚Ä¶
245,"#42 - Valentina Zharkova: ‚Äúin next 30 yrs, global warming prob. will be ... https://t.co/1yrNL6VqqN via @YouTube"
246,"Is Earth losing or gaing ""net water""...?!

Who is onboard for creating ""You've Been Clownedü§°-üåéWorld's"" largest water distillery just by setting the whole thing ablazeüî•üî•üî•...?!

How's that for global warming You chuckle-fuqs?!üê∏ https://t.co/iGg3R19rvw"
248,"I was the woman‚Äôs card, and openly destroying Baltimore. If I fully understand why her right now, we need global warming!"
249,@donna_zimmerman @leezeldin Global warming is a scam.
250,"@AnnieJo80051383 @GreenpeaceUK Global warming and cooling is natural ,so are ice ages ,so are volcanos so are mass solar ejections, so are earth axis shift  so are magnetic polarity switches ."
251,"@jazzsax1962 @tan123 You know we're currently in a three year La Ni√±a event, right? You probably also know droughts are typical during La Ni√±a events. Why jump to the conclusion droughts are caused by CO2? Maybe it's not about global warming after all. https://t.co/GxrZdvZCYI"
253,"@tmprowell @carlzimmer kind of like they had global warming back then but with no fossil fuels, guess they used electric cars."
254,"RT @TechTreesCoin: #TechTrees is not just an idea, project or product, it is a promise that founder had made to planet earth. 

A promise t‚Ä¶"
255,RT @cleanaircatf: We have the technology to cut methane emissions. Global leaders need to take action now to prevent further damage from gl‚Ä¶
256,"@silentkil_er Global warming will get most of us eventually, just give it time..."
257,"RT @MatthewWielicki: Check out this debate and let me know who you think wins. #Climate

https://t.co/lhXtYYtlPE"
258,RT @Wokko79: Where‚Äôs this fucking global warming they go on about? Out walking the dog and it‚Äôs freezing.
259,"@JacquelynGill kind of like they had global warming back then but with no fossil fuels, guess they used electric cars."
260,"@NHM_London kind of like they had global warming back then but with no fossil fuels, guess they used electric cars."
261,"@nukestrat kind of like they had global warming back then but with no fossil fuels, guess they used electric cars."
262,"@shoba_31 They call it climate change now rather than global warming so they can apply it to any weather and justify their zero carbon agenda

They think we don‚Äôt see through their lies Shoba"
263,"@AltcoinDailyio For those who do not believe climate charts of global warming, you also don't believe the Bitcoin charts of up down, up down, now just down down, and try to cash out while you still can."
264,@hinaparvezbutt I am more concerned about trees converted into wood bed and then how the bed made from a tree cause global warming.i do understand your side of opinion too but watches are no big deal mate.
265,"RT @IISD_Energy: ‚ö†Ô∏è Is your government still pushing for oil &amp; gas?

The üåè is already feeling the impacts of #ClimateChange &amp; developing an‚Ä¶"
266,"@Rob_Ruadh2 I have been perusing the style guide - here are phrases that are mandatory ""weather events"" ""extreme weather events"" ""rain bombs"" ""climate change-induced"" ""climate emergency"" ""global warming catastrophe"" - all these should be included in a story about a moderately sunny morning"
267,@SkyNews @MaizyDaizyZzzz Is that how we get  global warming then? üò≥üò≥üòÇüòÇ @Jaguar
268,"RT @TechTreesCoin: #TechTrees is not just an idea, project or product, it is a promise that founder had made to planet earth. 

A promise t‚Ä¶"
269,"RT @PlumberAlberta: @MelissaMbarki It‚Äôs a balmy zero in Calgary. Minus 22 last night, wake up to zero this morning. I love chinooks ‚ù§Ô∏è‚ù§Ô∏è or‚Ä¶"
270,It's damn hot. Must be global warming. #ClimateEmergency == FALSE
271,RT @RealGemmaOD: Both runways at Munich Airport closed this morning because climate ‚Äòheroes‚Äô have glued themselves to the tarmac. Meanwhile‚Ä¶
273,"RT @CarbonBrief: üêª‚Äç‚ùÑÔ∏èA polar bear stranded on melting sea ice is often used as a symbol of global warming.

But what does the science say?‚Ä¶"
274,"RT @AmbQinGang: Speaking at the @USChinaBusiness Gala 2022. As the world‚Äôs top two economies, China and the US need &amp; can cooperate in more‚Ä¶"
275,"RT @PeterDClack: Earth has been warmer than today for 65% of the last 11,000 years. This scientific fact alone destroys the basis for the U‚Ä¶"
276,@farketmemiz The best part about Global Warming is that it allows progressives who would like to ditch the ideas of nations altogether to politically agitate for their cause through national politics while providing no social benefit whatsoever.
277,"RT @AmbQinGang: Speaking at the @USChinaBusiness Gala 2022. As the world‚Äôs top two economies, China and the US need &amp; can cooperate in more‚Ä¶"
279,"RT @TechTreesCoin: #TechTrees is not just an idea, project or product, it is a promise that founder had made to planet earth. 

A promise t‚Ä¶"
280,"RT @Thileeban_R: #savesoil 
Our health issues, nutrition depletion in our food, immunity deficiencies, global warming, water &amp; food scarcit‚Ä¶"
281,"RT @constantin_t: üíé ‚ÄúNo one has ever shown that human emissions of #CO2 drives global warming!‚Äù - Australian Geologist, Professor #IanPlime‚Ä¶"
282,"RT @MatthewWielicki: Check out this debate and let me know who you think wins. #Climate

https://t.co/lhXtYYtlPE"
283,"RT @PeterOB24979769: @Road_Closed1984 I'll bet it melted quickly.
Global warming and all that."
284,RT @Outreachjoe: @toryboypierce @michaelgove @Kevin_Maguire Not sure Tufton Street can agree on key messages. How many jobs? We could end g‚Ä¶
285,"RT @Arron_banks: The global warming going a treat today, I‚Äôm Christmas shopping in London and bought a new &amp; lingwood scarf üß£ to keep warm.‚Ä¶"
286,RT @thefloatie: this clip single handedly stopped global warming dont question the logic it just did  https://t.co/ufEoNRPaBj
287,"What's gucci. If each one of us does our bit, we will be helping to keep global warming from harming our countries. It's so simple,"
288,"Hunter Biden‚Äôs dick pics prove he‚Äôs responsible for global warming, right?"
289,@LayahHeilpern Global warming üòâ
290,RT @RealGemmaOD: Oxfordshire County Council has approved plans to lock residents into specific zones to ‚Äòsave the planet‚Äô from global warmi‚Ä¶
291,@ClownWorld_ That much food can easily feed 3 families in any normal place. She's alone contributing to global warming with her lifestyle. This is sick. All these obese people are evil and don't care about mother earth.
292,"RT @TonyClimate: The press says the signs of global warming are everywhere (floods/droughts) and anyone who disagrees is corrupt.  

Fifty‚Ä¶"
293,"RT @constantin_t: üíé ‚ÄúNo one has ever shown that human emissions of #CO2 drives global warming!‚Äù - Australian Geologist, Professor #IanPlime‚Ä¶"
294,RT @BurnsideNotTosh: I preferred it before global warming when the winters were warmer.
295,Cant have global warming with a bitch this cold
296,"RT @Tony40335450: Global Warming? Northern Hemisphere Snow Cover At 56-Year High.

Most mainstream media outlets overlooked this data becau‚Ä¶"
297,"@VargasMilan1 yes it clicks through. I understand the point. half-hearted measures never help. but global warming and lots of other consumerism-related issues already affect many, mostly poorer countries. every day. and eco systems. &gt;&gt;"
298,Meropis Vu -- Icebound planet -- Tribal life forms detected -- Colony viability: 44% -- Catastrophic global warming https://t.co/jqfJCO7ePi
299,"@ChidiNwobodo1 @YarKafanchan And not just any kind of coal, Enugu‚Äôs one of the best with the lowest sulphur content. These Western countries are just hypocrites. UK, under pressure is now resorting to coal, but African countries cannot power their economy with them due to global warming"
300,Early December. Woke up to find that global warming had frozen the bird bath solidüßä‚Ä¶and Jack Frost had painted climate change all over the rooftops‚ùÑÔ∏è
301,Where is global warming when you need it?
302,"RT @Tony40335450: @zarahsultana Global Warming? Northern Hemisphere Snow Cover At 56-Year High.

Most mainstream media outlets overlooked t‚Ä¶"
303,"@sillyrob7200 @atomic_viking @PeterSweden7 So no, no solutions to global warming. Invented concept of supply and demand? Hmmm so math is definitely not your strong suit. And no not at all scrambling just an interesting conversation."
304,"RT @latimeralder: The frost has barely lifted at all in parts of Latimer Magna  today.

It's clear we have Defeated Global Warming!

Can we‚Ä¶"
305,Report says Qatar‚Äôs increase in gas production could lead to catastrophic global warming https://t.co/bn7bqIIrPC
306,"@AndroidPharaoh @nubia_watu @AgatanahiUktena @ZuluX11 @VAMPYREANGELS üí®üò≥ü´¢What if civilizations like this are why them folks deny global warming is a thing to fix? They have always tried to destroy Melanated people on landü§≤üèæ 
Why not the Sea?
Global warming has caused an increase in the occurrence &amp; intensity of storms.ü§≤üèæ
It tracks, to me.ü§îü§∑üèæ‚Äç‚ôÄÔ∏è"
307,"The frost has barely lifted at all in parts of Latimer Magna  today.

It's clear we have Defeated Global Warming!

Can we now drop the eco bunkum and witchcraft and go back to normal life as the rest of the world have already done?"
308,"RT @TechTreesCoin: #TechTrees is not just an idea, project or product, it is a promise that founder had made to planet earth. 

A promise t‚Ä¶"
310,did you know that global warming needs proper care
312,"RT @CampanaleMark: 'Catastrophic' warming feared over O&amp;G firms production plans. Contrary to Paris Agreement to reduce warming to 1.5C, fo‚Ä¶"
313,@disclosetv Global warming doesn‚Äôt exist
314,#Global_Warming I make a promise to the #Echo_warriors when they stop breathing I will stop driving!
315,"RT @VictoriaGrishe1: They have also created the global warming scam to cover up the truth of the coming polar shift.
The coming polar shift‚Ä¶"
316,@omotforest That's global warming for you.
317,"RT @TechTreesCoin: #TechTrees is not just an idea, project or product, it is a promise that founder had made to planet earth. 

A promise t‚Ä¶"
318,"@ArtyomLukin So many m¬≥ of gas burnt for nothing, boosting global warming for fun. Yes you should be proud"
319,So I guess we are all just going to ignore the very obvious and scary signs of global warming.
321,"@POTUS C'mon, man.  The vaccine (which Dems warned against, for fear of Trump getting credit) was barely out then.  That's like saying you're beating global warming when winter rolls around."
322,"RT @TonyClimate: The press says the signs of global warming are everywhere (floods/droughts) and anyone who disagrees is corrupt.  

Fifty‚Ä¶"
323,"RT @CarbonBrief: üêª‚Äç‚ùÑÔ∏èA polar bear stranded on melting sea ice is often used as a symbol of global warming.

But what does the science say?‚Ä¶"
324,What if we just laminated the paper straws? Boom global warming solved
325,global warming effect üò¨ https://t.co/WZAlpQYSft
326,"RT @TonyClimate: The press says the signs of global warming are everywhere (floods/droughts) and anyone who disagrees is corrupt.  

Fifty‚Ä¶"
327,"Record snow in Anchorage Alaska, where Global Warming continues to ravage the state ü§£ @CNN @FoxNews @JoeNBC @ABC @CBSNews @nypost @nytimes @washingtonpost"
329,"RT @Tony40335450: @SkyNews Global Warming? Northern Hemisphere Snow Cover At 56-Year High.

Most mainstream media outlets overlooked this d‚Ä¶"
330,"RT @Tony40335450: @BernieSpofforth @joseyrobins Global Warming? Northern Hemisphere Snow Cover At 56-Year High.

Most mainstream media outl‚Ä¶"
332,"RT @TonyClimate: The press says the signs of global warming are everywhere (floods/droughts) and anyone who disagrees is corrupt.  

Fifty‚Ä¶"
333,"Get up soldier. Given the scale of issues like global warming and epidemic disease, we shouldn't underestimate the importance of a can-do attitude to science rather than a can't-afford-it attitude. now shoo."
334,"Biggest terrorists and enemies of The Humanity... Responsible for Economic crisis in 2008, Covid pandemic and Global warming hoax.
Larry Fink, Klaus Scwab and Rothschild Family‚ö°Ô∏è‚ö°Ô∏è‚ö°Ô∏è
You are fired! Immediately and there will not be any global agenda to control population! https://t.co/QIuRIjvZeM"
335,Are you even paying attention?! I suppose you believe in 'Global Warming' also?
336,Anchorage season snowiest December and two decades there is no global warming people it is a lie the biggest Democratic Cash Cow out there quit believing in this global warming b******* it is truly a lie
337,@RudyGiuliani @elonmusk Your hair melts like the ice bergs thanks to global warming‚Ä¶
338,@nftbadger Proof of global warming
339,RT @GalSonic: It‚Äôs supposed to be snowing but instead it‚Äôs raining. CURSE YOU GLOBAL WARMING!!!!
340,"RT @PeterDClack: Earth has been warmer than today for 65% of the last 11,000 years. This scientific fact alone destroys the basis for the U‚Ä¶"
341,"RT @climatesavemvmt: Animal agriculture contributes 32% of global #methane emissions. Methane, with a warming potential 84 times that of #c‚Ä¶"
342,@estherk_k Global warming!!
343,"Venus, planet of love was destroyed by global warming.... Did its people want too much too?"
344,RT @ACCIONA_EN: Climate change denial has gone from rejecting scientific evidence to dodging taking urgent measures to halt global warming‚Ä¶
345,"#42 - Valentina Zharkova: ‚Äúin next 30 yrs, global warming prob. will be ... https://t.co/1yrNL6VqqN via @YouTube"
346,"Is Earth losing or gaing ""net water""...?!

Who is onboard for creating ""You've Been Clownedü§°-üåéWorld's"" largest water distillery just by setting the whole thing ablazeüî•üî•üî•...?!

How's that for global warming You chuckle-fuqs?!üê∏ https://t.co/iGg3R19rvw"
348,"I was the woman‚Äôs card, and openly destroying Baltimore. If I fully understand why her right now, we need global warming!"
349,@donna_zimmerman @leezeldin Global warming is a scam.
350,"@AnnieJo80051383 @GreenpeaceUK Global warming and cooling is natural ,so are ice ages ,so are volcanos so are mass solar ejections, so are earth axis shift  so are magnetic polarity switches ."
351,"@jazzsax1962 @tan123 You know we're currently in a three year La Ni√±a event, right? You probably also know droughts are typical during La Ni√±a events. Why jump to the conclusion droughts are caused by CO2? Maybe it's not about global warming after all. https://t.co/GxrZdvZCYI"
353,"@tmprowell @carlzimmer kind of like they had global warming back then but with no fossil fuels, guess they used electric cars."
354,"RT @TechTreesCoin: #TechTrees is not just an idea, project or product, it is a promise that founder had made to planet earth. 

A promise t‚Ä¶"
355,RT @cleanaircatf: We have the technology to cut methane emissions. Global leaders need to take action now to prevent further damage from gl‚Ä¶
356,"@silentkil_er Global warming will get most of us eventually, just give it time..."
357,"RT @MatthewWielicki: Check out this debate and let me know who you think wins. #Climate

https://t.co/lhXtYYtlPE"
358,RT @Wokko79: Where‚Äôs this fucking global warming they go on about? Out walking the dog and it‚Äôs freezing.
359,"@JacquelynGill kind of like they had global warming back then but with no fossil fuels, guess they used electric cars."
360,"@NHM_London kind of like they had global warming back then but with no fossil fuels, guess they used electric cars."
361,"@nukestrat kind of like they had global warming back then but with no fossil fuels, guess they used electric cars."
362,"@shoba_31 They call it climate change now rather than global warming so they can apply it to any weather and justify their zero carbon agenda

They think we don‚Äôt see through their lies Shoba"
363,"@AltcoinDailyio For those who do not believe climate charts of global warming, you also don't believe the Bitcoin charts of up down, up down, now just down down, and try to cash out while you still can."
364,@hinaparvezbutt I am more concerned about trees converted into wood bed and then how the bed made from a tree cause global warming.i do understand your side of opinion too but watches are no big deal mate.
365,"RT @IISD_Energy: ‚ö†Ô∏è Is your government still pushing for oil &amp; gas?

The üåè is already feeling the impacts of #ClimateChange &amp; developing an‚Ä¶"
366,"@Rob_Ruadh2 I have been perusing the style guide - here are phrases that are mandatory ""weather events"" ""extreme weather events"" ""rain bombs"" ""climate change-induced"" ""climate emergency"" ""global warming catastrophe"" - all these should be included in a story about a moderately sunny morning"
367,@SkyNews @MaizyDaizyZzzz Is that how we get  global warming then? üò≥üò≥üòÇüòÇ @Jaguar
368,"RT @TechTreesCoin: #TechTrees is not just an idea, project or product, it is a promise that founder had made to planet earth. 

A promise t‚Ä¶"
369,"RT @PlumberAlberta: @MelissaMbarki It‚Äôs a balmy zero in Calgary. Minus 22 last night, wake up to zero this morning. I love chinooks ‚ù§Ô∏è‚ù§Ô∏è or‚Ä¶"
370,It's damn hot. Must be global warming. #ClimateEmergency == FALSE
371,RT @RealGemmaOD: Both runways at Munich Airport closed this morning because climate ‚Äòheroes‚Äô have glued themselves to the tarmac. Meanwhile‚Ä¶
373,"RT @CarbonBrief: üêª‚Äç‚ùÑÔ∏èA polar bear stranded on melting sea ice is often used as a symbol of global warming.

But what does the science say?‚Ä¶"
374,"RT @AmbQinGang: Speaking at the @USChinaBusiness Gala 2022. As the world‚Äôs top two economies, China and the US need &amp; can cooperate in more‚Ä¶"
375,"RT @PeterDClack: Earth has been warmer than today for 65% of the last 11,000 years. This scientific fact alone destroys the basis for the U‚Ä¶"
376,@farketmemiz The best part about Global Warming is that it allows progressives who would like to ditch the ideas of nations altogether to politically agitate for their cause through national politics while providing no social benefit whatsoever.
377,"RT @AmbQinGang: Speaking at the @USChinaBusiness Gala 2022. As the world‚Äôs top two economies, China and the US need &amp; can cooperate in more‚Ä¶"
379,"RT @TechTreesCoin: #TechTrees is not just an idea, project or product, it is a promise that founder had made to planet earth. 

A promise t‚Ä¶"
380,"RT @Thileeban_R: #savesoil 
Our health issues, nutrition depletion in our food, immunity deficiencies, global warming, water &amp; food scarcit‚Ä¶"
381,"RT @constantin_t: üíé ‚ÄúNo one has ever shown that human emissions of #CO2 drives global warming!‚Äù - Australian Geologist, Professor #IanPlime‚Ä¶"
382,"RT @MatthewWielicki: Check out this debate and let me know who you think wins. #Climate

https://t.co/lhXtYYtlPE"
383,"RT @PeterOB24979769: @Road_Closed1984 I'll bet it melted quickly.
Global warming and all that."
384,RT @Outreachjoe: @toryboypierce @michaelgove @Kevin_Maguire Not sure Tufton Street can agree on key messages. How many jobs? We could end g‚Ä¶
385,"RT @Arron_banks: The global warming going a treat today, I‚Äôm Christmas shopping in London and bought a new &amp; lingwood scarf üß£ to keep warm.‚Ä¶"
386,RT @thefloatie: this clip single handedly stopped global warming dont question the logic it just did  https://t.co/ufEoNRPaBj
387,"What's gucci. If each one of us does our bit, we will be helping to keep global warming from harming our countries. It's so simple,"
388,"Hunter Biden‚Äôs dick pics prove he‚Äôs responsible for global warming, right?"
389,@LayahHeilpern Global warming üòâ
390,RT @RealGemmaOD: Oxfordshire County Council has approved plans to lock residents into specific zones to ‚Äòsave the planet‚Äô from global warmi‚Ä¶
391,@ClownWorld_ That much food can easily feed 3 families in any normal place. She's alone contributing to global warming with her lifestyle. This is sick. All these obese people are evil and don't care about mother earth.
392,"RT @TonyClimate: The press says the signs of global warming are everywhere (floods/droughts) and anyone who disagrees is corrupt.  

Fifty‚Ä¶"
393,"RT @constantin_t: üíé ‚ÄúNo one has ever shown that human emissions of #CO2 drives global warming!‚Äù - Australian Geologist, Professor #IanPlime‚Ä¶"
394,RT @BurnsideNotTosh: I preferred it before global warming when the winters were warmer.
395,Cant have global warming with a bitch this cold
396,"RT @Tony40335450: Global Warming? Northern Hemisphere Snow Cover At 56-Year High.

Most mainstream media outlets overlooked this data becau‚Ä¶"
397,"@VargasMilan1 yes it clicks through. I understand the point. half-hearted measures never help. but global warming and lots of other consumerism-related issues already affect many, mostly poorer countries. every day. and eco systems. &gt;&gt;"
398,Meropis Vu -- Icebound planet -- Tribal life forms detected -- Colony viability: 44% -- Catastrophic global warming https://t.co/jqfJCO7ePi
399,"@ChidiNwobodo1 @YarKafanchan And not just any kind of coal, Enugu‚Äôs one of the best with the lowest sulphur content. These Western countries are just hypocrites. UK, under pressure is now resorting to coal, but African countries cannot power their economy with them due to global warming"
400,Early December. Woke up to find that global warming had frozen the bird bath solidüßä‚Ä¶and Jack Frost had painted climate change all over the rooftops‚ùÑÔ∏è
401,Where is global warming when you need it?
402,"RT @Tony40335450: @zarahsultana Global Warming? Northern Hemisphere Snow Cover At 56-Year High.

Most mainstream media outlets overlooked t‚Ä¶"
403,"@sillyrob7200 @atomic_viking @PeterSweden7 So no, no solutions to global warming. Invented concept of supply and demand? Hmmm so math is definitely not your strong suit. And no not at all scrambling just an interesting conversation."
404,"RT @latimeralder: The frost has barely lifted at all in parts of Latimer Magna  today.

It's clear we have Defeated Global Warming!

Can we‚Ä¶"
405,Report says Qatar‚Äôs increase in gas production could lead to catastrophic global warming https://t.co/bn7bqIIrPC
406,"@AndroidPharaoh @nubia_watu @AgatanahiUktena @ZuluX11 @VAMPYREANGELS üí®üò≥ü´¢What if civilizations like this are why them folks deny global warming is a thing to fix? They have always tried to destroy Melanated people on landü§≤üèæ 
Why not the Sea?
Global warming has caused an increase in the occurrence &amp; intensity of storms.ü§≤üèæ
It tracks, to me.ü§îü§∑üèæ‚Äç‚ôÄÔ∏è"
407,"The frost has barely lifted at all in parts of Latimer Magna  today.

It's clear we have Defeated Global Warming!

Can we now drop the eco bunkum and witchcraft and go back to normal life as the rest of the world have already done?"
408,"RT @TechTreesCoin: #TechTrees is not just an idea, project or product, it is a promise that founder had made to planet earth. 

A promise t‚Ä¶"
410,did you know that global warming needs proper care
412,"RT @CampanaleMark: 'Catastrophic' warming feared over O&amp;G firms production plans. Contrary to Paris Agreement to reduce warming to 1.5C, fo‚Ä¶"
413,@disclosetv Global warming doesn‚Äôt exist
414,#Global_Warming I make a promise to the #Echo_warriors when they stop breathing I will stop driving!
415,"RT @VictoriaGrishe1: They have also created the global warming scam to cover up the truth of the coming polar shift.
The coming polar shift‚Ä¶"
416,@omotforest That's global warming for you.
417,"RT @TechTreesCoin: #TechTrees is not just an idea, project or product, it is a promise that founder had made to planet earth. 

A promise t‚Ä¶"
418,"@ArtyomLukin So many m¬≥ of gas burnt for nothing, boosting global warming for fun. Yes you should be proud"
419,So I guess we are all just going to ignore the very obvious and scary signs of global warming.
421,"@POTUS C'mon, man.  The vaccine (which Dems warned against, for fear of Trump getting credit) was barely out then.  That's like saying you're beating global warming when winter rolls around."
422,"RT @TonyClimate: The press says the signs of global warming are everywhere (floods/droughts) and anyone who disagrees is corrupt.  

Fifty‚Ä¶"
423,"RT @CarbonBrief: üêª‚Äç‚ùÑÔ∏èA polar bear stranded on melting sea ice is often used as a symbol of global warming.

But what does the science say?‚Ä¶"
424,What if we just laminated the paper straws? Boom global warming solved
425,global warming effect üò¨ https://t.co/WZAlpQYSft
426,"RT @TonyClimate: The press says the signs of global warming are everywhere (floods/droughts) and anyone who disagrees is corrupt.  

Fifty‚Ä¶"
427,"Record snow in Anchorage Alaska, where Global Warming continues to ravage the state ü§£ @CNN @FoxNews @JoeNBC @ABC @CBSNews @nypost @nytimes @washingtonpost"
429,"RT @Tony40335450: @SkyNews Global Warming? Northern Hemisphere Snow Cover At 56-Year High.

Most mainstream media outlets overlooked this d‚Ä¶"
430,"RT @Tony40335450: @BernieSpofforth @joseyrobins Global Warming? Northern Hemisphere Snow Cover At 56-Year High.

Most mainstream media outl‚Ä¶"
432,"RT @TonyClimate: The press says the signs of global warming are everywhere (floods/droughts) and anyone who disagrees is corrupt.  

Fifty‚Ä¶"
433,"Get up soldier. Given the scale of issues like global warming and epidemic disease, we shouldn't underestimate the importance of a can-do attitude to science rather than a can't-afford-it attitude. now shoo."
434,"Biggest terrorists and enemies of The Humanity... Responsible for Economic crisis in 2008, Covid pandemic and Global warming hoax.
Larry Fink, Klaus Scwab and Rothschild Family‚ö°Ô∏è‚ö°Ô∏è‚ö°Ô∏è
You are fired! Immediately and there will not be any global agenda to control population! https://t.co/QIuRIjvZeM"
435,Are you even paying attention?! I suppose you believe in 'Global Warming' also?
436,Anchorage season snowiest December and two decades there is no global warming people it is a lie the biggest Democratic Cash Cow out there quit believing in this global warming b******* it is truly a lie
437,@RudyGiuliani @elonmusk Your hair melts like the ice bergs thanks to global warming‚Ä¶
438,@nftbadger Proof of global warming
439,RT @GalSonic: It‚Äôs supposed to be snowing but instead it‚Äôs raining. CURSE YOU GLOBAL WARMING!!!!
440,"RT @PeterDClack: Earth has been warmer than today for 65% of the last 11,000 years. This scientific fact alone destroys the basis for the U‚Ä¶"
441,"RT @climatesavemvmt: Animal agriculture contributes 32% of global #methane emissions. Methane, with a warming potential 84 times that of #c‚Ä¶"
442,@estherk_k Global warming!!
443,"Venus, planet of love was destroyed by global warming.... Did its people want too much too?"
444,RT @ACCIONA_EN: Climate change denial has gone from rejecting scientific evidence to dodging taking urgent measures to halt global warming‚Ä¶
445,"#42 - Valentina Zharkova: ‚Äúin next 30 yrs, global warming prob. will be ... https://t.co/1yrNL6VqqN via @YouTube"
446,"Is Earth losing or gaing ""net water""...?!

Who is onboard for creating ""You've Been Clownedü§°-üåéWorld's"" largest water distillery just by setting the whole thing ablazeüî•üî•üî•...?!

How's that for global warming You chuckle-fuqs?!üê∏ https://t.co/iGg3R19rvw"
448,"I was the woman‚Äôs card, and openly destroying Baltimore. If I fully understand why her right now, we need global warming!"
449,@donna_zimmerman @leezeldin Global warming is a scam.
450,"@AnnieJo80051383 @GreenpeaceUK Global warming and cooling is natural ,so are ice ages ,so are volcanos so are mass solar ejections, so are earth axis shift  so are magnetic polarity switches ."
451,"@jazzsax1962 @tan123 You know we're currently in a three year La Ni√±a event, right? You probably also know droughts are typical during La Ni√±a events. Why jump to the conclusion droughts are caused by CO2? Maybe it's not about global warming after all. https://t.co/GxrZdvZCYI"
453,"@tmprowell @carlzimmer kind of like they had global warming back then but with no fossil fuels, guess they used electric cars."
454,"RT @TechTreesCoin: #TechTrees is not just an idea, project or product, it is a promise that founder had made to planet earth. 

A promise t‚Ä¶"
455,RT @cleanaircatf: We have the technology to cut methane emissions. Global leaders need to take action now to prevent further damage from gl‚Ä¶
456,"@silentkil_er Global warming will get most of us eventually, just give it time..."
457,"RT @MatthewWielicki: Check out this debate and let me know who you think wins. #Climate

https://t.co/lhXtYYtlPE"
458,RT @Wokko79: Where‚Äôs this fucking global warming they go on about? Out walking the dog and it‚Äôs freezing.
459,"@JacquelynGill kind of like they had global warming back then but with no fossil fuels, guess they used electric cars."
460,"@NHM_London kind of like they had global warming back then but with no fossil fuels, guess they used electric cars."
461,"@nukestrat kind of like they had global warming back then but with no fossil fuels, guess they used electric cars."
462,"@shoba_31 They call it climate change now rather than global warming so they can apply it to any weather and justify their zero carbon agenda

They think we don‚Äôt see through their lies Shoba"
463,"@AltcoinDailyio For those who do not believe climate charts of global warming, you also don't believe the Bitcoin charts of up down, up down, now just down down, and try to cash out while you still can."
464,@hinaparvezbutt I am more concerned about trees converted into wood bed and then how the bed made from a tree cause global warming.i do understand your side of opinion too but watches are no big deal mate.
465,"RT @IISD_Energy: ‚ö†Ô∏è Is your government still pushing for oil &amp; gas?

The üåè is already feeling the impacts of #ClimateChange &amp; developing an‚Ä¶"
466,"@Rob_Ruadh2 I have been perusing the style guide - here are phrases that are mandatory ""weather events"" ""extreme weather events"" ""rain bombs"" ""climate change-induced"" ""climate emergency"" ""global warming catastrophe"" - all these should be included in a story about a moderately sunny morning"
467,@SkyNews @MaizyDaizyZzzz Is that how we get  global warming then? üò≥üò≥üòÇüòÇ @Jaguar
468,"RT @TechTreesCoin: #TechTrees is not just an idea, project or product, it is a promise that founder had made to planet earth. 

A promise t‚Ä¶"
469,"RT @PlumberAlberta: @MelissaMbarki It‚Äôs a balmy zero in Calgary. Minus 22 last night, wake up to zero this morning. I love chinooks ‚ù§Ô∏è‚ù§Ô∏è or‚Ä¶"
470,It's damn hot. Must be global warming. #ClimateEmergency == FALSE
471,RT @RealGemmaOD: Both runways at Munich Airport closed this morning because climate ‚Äòheroes‚Äô have glued themselves to the tarmac. Meanwhile‚Ä¶
473,"RT @CarbonBrief: üêª‚Äç‚ùÑÔ∏èA polar bear stranded on melting sea ice is often used as a symbol of global warming.

But what does the science say?‚Ä¶"
474,"RT @AmbQinGang: Speaking at the @USChinaBusiness Gala 2022. As the world‚Äôs top two economies, China and the US need &amp; can cooperate in more‚Ä¶"
475,"RT @PeterDClack: Earth has been warmer than today for 65% of the last 11,000 years. This scientific fact alone destroys the basis for the U‚Ä¶"
476,@farketmemiz The best part about Global Warming is that it allows progressives who would like to ditch the ideas of nations altogether to politically agitate for their cause through national politics while providing no social benefit whatsoever.
477,"RT @AmbQinGang: Speaking at the @USChinaBusiness Gala 2022. As the world‚Äôs top two economies, China and the US need &amp; can cooperate in more‚Ä¶"
479,"RT @TechTreesCoin: #TechTrees is not just an idea, project or product, it is a promise that founder had made to planet earth. 

A promise t‚Ä¶"
480,"RT @Thileeban_R: #savesoil 
Our health issues, nutrition depletion in our food, immunity deficiencies, global warming, water &amp; food scarcit‚Ä¶"
481,"RT @constantin_t: üíé ‚ÄúNo one has ever shown that human emissions of #CO2 drives global warming!‚Äù - Australian Geologist, Professor #IanPlime‚Ä¶"
482,"RT @MatthewWielicki: Check out this debate and let me know who you think wins. #Climate

https://t.co/lhXtYYtlPE"
483,"RT @PeterOB24979769: @Road_Closed1984 I'll bet it melted quickly.
Global warming and all that."
484,RT @Outreachjoe: @toryboypierce @michaelgove @Kevin_Maguire Not sure Tufton Street can agree on key messages. How many jobs? We could end g‚Ä¶
485,"RT @Arron_banks: The global warming going a treat today, I‚Äôm Christmas shopping in London and bought a new &amp; lingwood scarf üß£ to keep warm.‚Ä¶"
486,RT @thefloatie: this clip single handedly stopped global warming dont question the logic it just did  https://t.co/ufEoNRPaBj
487,"What's gucci. If each one of us does our bit, we will be helping to keep global warming from harming our countries. It's so simple,"
488,"Hunter Biden‚Äôs dick pics prove he‚Äôs responsible for global warming, right?"
489,@LayahHeilpern Global warming üòâ
490,RT @RealGemmaOD: Oxfordshire County Council has approved plans to lock residents into specific zones to ‚Äòsave the planet‚Äô from global warmi‚Ä¶
491,@ClownWorld_ That much food can easily feed 3 families in any normal place. She's alone contributing to global warming with her lifestyle. This is sick. All these obese people are evil and don't care about mother earth.
492,"RT @TonyClimate: The press says the signs of global warming are everywhere (floods/droughts) and anyone who disagrees is corrupt.  

Fifty‚Ä¶"
493,"RT @constantin_t: üíé ‚ÄúNo one has ever shown that human emissions of #CO2 drives global warming!‚Äù - Australian Geologist, Professor #IanPlime‚Ä¶"
494,RT @BurnsideNotTosh: I preferred it before global warming when the winters were warmer.
495,Cant have global warming with a bitch this cold
496,"RT @Tony40335450: Global Warming? Northern Hemisphere Snow Cover At 56-Year High.

Most mainstream media outlets overlooked this data becau‚Ä¶"
497,"@VargasMilan1 yes it clicks through. I understand the point. half-hearted measures never help. but global warming and lots of other consumerism-related issues already affect many, mostly poorer countries. every day. and eco systems. &gt;&gt;"
498,Meropis Vu -- Icebound planet -- Tribal life forms detected -- Colony viability: 44% -- Catastrophic global warming https://t.co/jqfJCO7ePi
499,"@ChidiNwobodo1 @YarKafanchan And not just any kind of coal, Enugu‚Äôs one of the best with the lowest sulphur content. These Western countries are just hypocrites. UK, under pressure is now resorting to coal, but African countries cannot power their economy with them due to global warming"
500,Early December. Woke up to find that global warming had frozen the bird bath solidüßä‚Ä¶and Jack Frost had painted climate change all over the rooftops‚ùÑÔ∏è
501,Where is global warming when you need it?
502,"RT @Tony40335450: @zarahsultana Global Warming? Northern Hemisphere Snow Cover At 56-Year High.

Most mainstream media outlets overlooked t‚Ä¶"
503,"@sillyrob7200 @atomic_viking @PeterSweden7 So no, no solutions to global warming. Invented concept of supply and demand? Hmmm so math is definitely not your strong suit. And no not at all scrambling just an interesting conversation."
504,"RT @latimeralder: The frost has barely lifted at all in parts of Latimer Magna  today.

It's clear we have Defeated Global Warming!

Can we‚Ä¶"
505,Report says Qatar‚Äôs increase in gas production could lead to catastrophic global warming https://t.co/bn7bqIIrPC
506,"@AndroidPharaoh @nubia_watu @AgatanahiUktena @ZuluX11 @VAMPYREANGELS üí®üò≥ü´¢What if civilizations like this are why them folks deny global warming is a thing to fix? They have always tried to destroy Melanated people on landü§≤üèæ 
Why not the Sea?
Global warming has caused an increase in the occurrence &amp; intensity of storms.ü§≤üèæ
It tracks, to me.ü§îü§∑üèæ‚Äç‚ôÄÔ∏è"
507,"The frost has barely lifted at all in parts of Latimer Magna  today.

It's clear we have Defeated Global Warming!

Can we now drop the eco bunkum and witchcraft and go back to normal life as the rest of the world have already done?"
508,"RT @TechTreesCoin: #TechTrees is not just an idea, project or product, it is a promise that founder had made to planet earth. 

A promise t‚Ä¶"
510,did you know that global warming needs proper care
512,"RT @CampanaleMark: 'Catastrophic' warming feared over O&amp;G firms production plans. Contrary to Paris Agreement to reduce warming to 1.5C, fo‚Ä¶"
513,@disclosetv Global warming doesn‚Äôt exist
514,#Global_Warming I make a promise to the #Echo_warriors when they stop breathing I will stop driving!
515,"RT @VictoriaGrishe1: They have also created the global warming scam to cover up the truth of the coming polar shift.
The coming polar shift‚Ä¶"
516,@omotforest That's global warming for you.
517,"RT @TechTreesCoin: #TechTrees is not just an idea, project or product, it is a promise that founder had made to planet earth. 

A promise t‚Ä¶"
518,"@ArtyomLukin So many m¬≥ of gas burnt for nothing, boosting global warming for fun. Yes you should be proud"
519,So I guess we are all just going to ignore the very obvious and scary signs of global warming.
521,"@POTUS C'mon, man.  The vaccine (which Dems warned against, for fear of Trump getting credit) was barely out then.  That's like saying you're beating global warming when winter rolls around."
522,"RT @TonyClimate: The press says the signs of global warming are everywhere (floods/droughts) and anyone who disagrees is corrupt.  

Fifty‚Ä¶"
523,"RT @CarbonBrief: üêª‚Äç‚ùÑÔ∏èA polar bear stranded on melting sea ice is often used as a symbol of global warming.

But what does the science say?‚Ä¶"
524,What if we just laminated the paper straws? Boom global warming solved
525,global warming effect üò¨ https://t.co/WZAlpQYSft
526,"RT @TonyClimate: The press says the signs of global warming are everywhere (floods/droughts) and anyone who disagrees is corrupt.  

Fifty‚Ä¶"
527,"Record snow in Anchorage Alaska, where Global Warming continues to ravage the state ü§£ @CNN @FoxNews @JoeNBC @ABC @CBSNews @nypost @nytimes @washingtonpost"
529,"RT @Tony40335450: @SkyNews Global Warming? Northern Hemisphere Snow Cover At 56-Year High.

Most mainstream media outlets overlooked this d‚Ä¶"
530,"RT @Tony40335450: @BernieSpofforth @joseyrobins Global Warming? Northern Hemisphere Snow Cover At 56-Year High.

Most mainstream media outl‚Ä¶"
532,"RT @TonyClimate: The press says the signs of global warming are everywhere (floods/droughts) and anyone who disagrees is corrupt.  

Fifty‚Ä¶"
533,"Get up soldier. Given the scale of issues like global warming and epidemic disease, we shouldn't underestimate the importance of a can-do attitude to science rather than a can't-afford-it attitude. now shoo."
534,"Biggest terrorists and enemies of The Humanity... Responsible for Economic crisis in 2008, Covid pandemic and Global warming hoax.
Larry Fink, Klaus Scwab and Rothschild Family‚ö°Ô∏è‚ö°Ô∏è‚ö°Ô∏è
You are fired! Immediately and there will not be any global agenda to control population! https://t.co/QIuRIjvZeM"
535,Are you even paying attention?! I suppose you believe in 'Global Warming' also?
536,Anchorage season snowiest December and two decades there is no global warming people it is a lie the biggest Democratic Cash Cow out there quit believing in this global warming b******* it is truly a lie
537,@RudyGiuliani @elonmusk Your hair melts like the ice bergs thanks to global warming‚Ä¶
538,@nftbadger Proof of global warming
539,RT @GalSonic: It‚Äôs supposed to be snowing but instead it‚Äôs raining. CURSE YOU GLOBAL WARMING!!!!
540,"RT @PeterDClack: Earth has been warmer than today for 65% of the last 11,000 years. This scientific fact alone destroys the basis for the U‚Ä¶"
541,"RT @climatesavemvmt: Animal agriculture contributes 32% of global #methane emissions. Methane, with a warming potential 84 times that of #c‚Ä¶"
542,@estherk_k Global warming!!
543,"Venus, planet of love was destroyed by global warming.... Did its people want too much too?"
544,RT @ACCIONA_EN: Climate change denial has gone from rejecting scientific evidence to dodging taking urgent measures to halt global warming‚Ä¶
545,"#42 - Valentina Zharkova: ‚Äúin next 30 yrs, global warming prob. will be ... https://t.co/1yrNL6VqqN via @YouTube"
546,"Is Earth losing or gaing ""net water""...?!

Who is onboard for creating ""You've Been Clownedü§°-üåéWorld's"" largest water distillery just by setting the whole thing ablazeüî•üî•üî•...?!

How's that for global warming You chuckle-fuqs?!üê∏ https://t.co/iGg3R19rvw"
548,"I was the woman‚Äôs card, and openly destroying Baltimore. If I fully understand why her right now, we need global warming!"
549,@donna_zimmerman @leezeldin Global warming is a scam.
550,"@AnnieJo80051383 @GreenpeaceUK Global warming and cooling is natural ,so are ice ages ,so are volcanos so are mass solar ejections, so are earth axis shift  so are magnetic polarity switches ."
551,"@jazzsax1962 @tan123 You know we're currently in a three year La Ni√±a event, right? You probably also know droughts are typical during La Ni√±a events. Why jump to the conclusion droughts are caused by CO2? Maybe it's not about global warming after all. https://t.co/GxrZdvZCYI"
553,"@tmprowell @carlzimmer kind of like they had global warming back then but with no fossil fuels, guess they used electric cars."
554,"RT @TechTreesCoin: #TechTrees is not just an idea, project or product, it is a promise that founder had made to planet earth. 

A promise t‚Ä¶"
555,RT @cleanaircatf: We have the technology to cut methane emissions. Global leaders need to take action now to prevent further damage from gl‚Ä¶
556,"@silentkil_er Global warming will get most of us eventually, just give it time..."
557,"RT @MatthewWielicki: Check out this debate and let me know who you think wins. #Climate

https://t.co/lhXtYYtlPE"
558,RT @Wokko79: Where‚Äôs this fucking global warming they go on about? Out walking the dog and it‚Äôs freezing.
559,"@JacquelynGill kind of like they had global warming back then but with no fossil fuels, guess they used electric cars."
560,"@NHM_London kind of like they had global warming back then but with no fossil fuels, guess they used electric cars."
561,"@nukestrat kind of like they had global warming back then but with no fossil fuels, guess they used electric cars."
562,"@shoba_31 They call it climate change now rather than global warming so they can apply it to any weather and justify their zero carbon agenda

They think we don‚Äôt see through their lies Shoba"
563,"@AltcoinDailyio For those who do not believe climate charts of global warming, you also don't believe the Bitcoin charts of up down, up down, now just down down, and try to cash out while you still can."
564,@hinaparvezbutt I am more concerned about trees converted into wood bed and then how the bed made from a tree cause global warming.i do understand your side of opinion too but watches are no big deal mate.
565,"RT @IISD_Energy: ‚ö†Ô∏è Is your government still pushing for oil &amp; gas?

The üåè is already feeling the impacts of #ClimateChange &amp; developing an‚Ä¶"
566,"@Rob_Ruadh2 I have been perusing the style guide - here are phrases that are mandatory ""weather events"" ""extreme weather events"" ""rain bombs"" ""climate change-induced"" ""climate emergency"" ""global warming catastrophe"" - all these should be included in a story about a moderately sunny morning"
567,@SkyNews @MaizyDaizyZzzz Is that how we get  global warming then? üò≥üò≥üòÇüòÇ @Jaguar
568,"RT @TechTreesCoin: #TechTrees is not just an idea, project or product, it is a promise that founder had made to planet earth. 

A promise t‚Ä¶"
569,"RT @PlumberAlberta: @MelissaMbarki It‚Äôs a balmy zero in Calgary. Minus 22 last night, wake up to zero this morning. I love chinooks ‚ù§Ô∏è‚ù§Ô∏è or‚Ä¶"
570,It's damn hot. Must be global warming. #ClimateEmergency == FALSE
571,RT @RealGemmaOD: Both runways at Munich Airport closed this morning because climate ‚Äòheroes‚Äô have glued themselves to the tarmac. Meanwhile‚Ä¶
573,"RT @CarbonBrief: üêª‚Äç‚ùÑÔ∏èA polar bear stranded on melting sea ice is often used as a symbol of global warming.

But what does the science say?‚Ä¶"
574,"RT @AmbQinGang: Speaking at the @USChinaBusiness Gala 2022. As the world‚Äôs top two economies, China and the US need &amp; can cooperate in more‚Ä¶"
575,"RT @PeterDClack: Earth has been warmer than today for 65% of the last 11,000 years. This scientific fact alone destroys the basis for the U‚Ä¶"
576,@farketmemiz The best part about Global Warming is that it allows progressives who would like to ditch the ideas of nations altogether to politically agitate for their cause through national politics while providing no social benefit whatsoever.
577,"RT @AmbQinGang: Speaking at the @USChinaBusiness Gala 2022. As the world‚Äôs top two economies, China and the US need &amp; can cooperate in more‚Ä¶"
579,"RT @TechTreesCoin: #TechTrees is not just an idea, project or product, it is a promise that founder had made to planet earth. 

A promise t‚Ä¶"
580,"RT @Thileeban_R: #savesoil 
Our health issues, nutrition depletion in our food, immunity deficiencies, global warming, water &amp; food scarcit‚Ä¶"
581,"RT @constantin_t: üíé ‚ÄúNo one has ever shown that human emissions of #CO2 drives global warming!‚Äù - Australian Geologist, Professor #IanPlime‚Ä¶"
582,"RT @MatthewWielicki: Check out this debate and let me know who you think wins. #Climate

https://t.co/lhXtYYtlPE"
583,"RT @PeterOB24979769: @Road_Closed1984 I'll bet it melted quickly.
Global warming and all that."
584,RT @Outreachjoe: @toryboypierce @michaelgove @Kevin_Maguire Not sure Tufton Street can agree on key messages. How many jobs? We could end g‚Ä¶
585,"RT @Arron_banks: The global warming going a treat today, I‚Äôm Christmas shopping in London and bought a new &amp; lingwood scarf üß£ to keep warm.‚Ä¶"
586,RT @thefloatie: this clip single handedly stopped global warming dont question the logic it just did  https://t.co/ufEoNRPaBj
587,"What's gucci. If each one of us does our bit, we will be helping to keep global warming from harming our countries. It's so simple,"
588,"Hunter Biden‚Äôs dick pics prove he‚Äôs responsible for global warming, right?"
589,@LayahHeilpern Global warming üòâ
590,RT @RealGemmaOD: Oxfordshire County Council has approved plans to lock residents into specific zones to ‚Äòsave the planet‚Äô from global warmi‚Ä¶
591,@ClownWorld_ That much food can easily feed 3 families in any normal place. She's alone contributing to global warming with her lifestyle. This is sick. All these obese people are evil and don't care about mother earth.
592,"RT @TonyClimate: The press says the signs of global warming are everywhere (floods/droughts) and anyone who disagrees is corrupt.  

Fifty‚Ä¶"
593,"RT @constantin_t: üíé ‚ÄúNo one has ever shown that human emissions of #CO2 drives global warming!‚Äù - Australian Geologist, Professor #IanPlime‚Ä¶"
594,RT @BurnsideNotTosh: I preferred it before global warming when the winters were warmer.
595,Cant have global warming with a bitch this cold
596,"RT @Tony40335450: Global Warming? Northern Hemisphere Snow Cover At 56-Year High.

Most mainstream media outlets overlooked this data becau‚Ä¶"
597,"@VargasMilan1 yes it clicks through. I understand the point. half-hearted measures never help. but global warming and lots of other consumerism-related issues already affect many, mostly poorer countries. every day. and eco systems. &gt;&gt;"
598,Meropis Vu -- Icebound planet -- Tribal life forms detected -- Colony viability: 44% -- Catastrophic global warming https://t.co/jqfJCO7ePi
599,"@ChidiNwobodo1 @YarKafanchan And not just any kind of coal, Enugu‚Äôs one of the best with the lowest sulphur content. These Western countries are just hypocrites. UK, under pressure is now resorting to coal, but African countries cannot power their economy with them due to global warming"
